Month	Day	Period	Value
1	1	1	0
1	1	2	0
1	1	3	0
1	1	4	0
1	1	5	0
1	1	6	0
1	1	7	0
1	1	8	0
1	1	9	9.53
1	1	10	57.53
1	1	11	80.85
1	1	12	94.19
1	1	13	98.55
1	1	14	97.19
1	1	15	89.02
1	1	16	80.22
1	1	17	53.45
1	1	18	6.17
1	1	19	0
1	1	20	0
1	1	21	0
1	1	22	0
1	1	23	0
1	1	24	0
1	2	1	0
1	2	2	0
1	2	3	0
1	2	4	0
1	2	5	0
1	2	6	0
1	2	7	0
1	2	8	0
1	2	9	9.44
1	2	10	59.8
1	2	11	83.03
1	2	12	93.74
1	2	13	100
1	2	14	100
1	2	15	96.82
1	2	16	84.94
1	2	17	57.89
1	2	18	5.99
1	2	19	0
1	2	20	0
1	2	21	0
1	2	22	0
1	2	23	0
1	2	24	0
1	3	1	0
1	3	2	0
1	3	3	0
1	3	4	0
1	3	5	0
1	3	6	0
1	3	7	0
1	3	8	0
1	3	9	9.71
1	3	10	59.71
1	3	11	86.39
1	3	12	96.19
1	3	13	100
1	3	14	99.64
1	3	15	98.09
1	3	16	79.67
1	3	17	51.36
1	3	18	5.35
1	3	19	0
1	3	20	0
1	3	21	0
1	3	22	0
1	3	23	0
1	3	24	0
1	4	1	0
1	4	2	0
1	4	3	0
1	4	4	0
1	4	5	0
1	4	6	0
1	4	7	0
1	4	8	0
1	4	9	10.71
1	4	10	63.07
1	4	11	88.29
1	4	12	96.28
1	4	13	100
1	4	14	100
1	4	15	97.19
1	4	16	85.03
1	4	17	56.35
1	4	18	6.44
1	4	19	0
1	4	20	0
1	4	21	0
1	4	22	0
1	4	23	0
1	4	24	0
1	5	1	0
1	5	2	0
1	5	3	0
1	5	4	0
1	5	5	0
1	5	6	0
1	5	7	0
1	5	8	0
1	5	9	10.98
1	5	10	61.62
1	5	11	87.48
1	5	12	94.01
1	5	13	98.55
1	5	14	99.73
1	5	15	97.28
1	5	16	84.57
1	5	17	57.71
1	5	18	7.26
1	5	19	0
1	5	20	0
1	5	21	0
1	5	22	0
1	5	23	0
1	5	24	0
1	6	1	0
1	6	2	0
1	6	3	0
1	6	4	0
1	6	5	0
1	6	6	0
1	6	7	0
1	6	8	0
1	6	9	8.44
1	6	10	58.71
1	6	11	87.75
1	6	12	92.29
1	6	13	99.73
1	6	14	99.91
1	6	15	99
1	6	16	84.3
1	6	17	57.08
1	6	18	7.62
1	6	19	0
1	6	20	0
1	6	21	0
1	6	22	0
1	6	23	0
1	6	24	0
1	7	1	0
1	7	2	0
1	7	3	0
1	7	4	0
1	7	5	0
1	7	6	0
1	7	7	0
1	7	8	0
1	7	9	9.62
1	7	10	65.25
1	7	11	89.47
1	7	12	96.19
1	7	13	100
1	7	14	99.36
1	7	15	97.37
1	7	16	85.3
1	7	17	61.71
1	7	18	9.26
1	7	19	0
1	7	20	0
1	7	21	0
1	7	22	0
1	7	23	0
1	7	24	0
1	8	1	0
1	8	2	0
1	8	3	0
1	8	4	0
1	8	5	0
1	8	6	0
1	8	7	0
1	8	8	0
1	8	9	9.98
1	8	10	56.44
1	8	11	100
1	8	12	100
1	8	13	92.38
1	8	14	92.83
1	8	15	97.28
1	8	16	81.03
1	8	17	58.98
1	8	18	7.08
1	8	19	0
1	8	20	0
1	8	21	0
1	8	22	0
1	8	23	0
1	8	24	0
1	9	1	0
1	9	2	0
1	9	3	0
1	9	4	0
1	9	5	0
1	9	6	0
1	9	7	0
1	9	8	0
1	9	9	7.26
1	9	10	51.27
1	9	11	71.42
1	9	12	75.77
1	9	13	77.22
1	9	14	69.33
1	9	15	50.36
1	9	16	28.31
1	9	17	21.05
1	9	18	3.81
1	9	19	0
1	9	20	0
1	9	21	0
1	9	22	0
1	9	23	0
1	9	24	0
1	10	1	0
1	10	2	0
1	10	3	0
1	10	4	0
1	10	5	0
1	10	6	0
1	10	7	0
1	10	8	0
1	10	9	5.08
1	10	10	20.24
1	10	11	36.66
1	10	12	48.37
1	10	13	49.82
1	10	14	47.19
1	10	15	30.04
1	10	16	20.05
1	10	17	7.26
1	10	18	2.45
1	10	19	0
1	10	20	0
1	10	21	0
1	10	22	0
1	10	23	0
1	10	24	0
1	11	1	0
1	11	2	0
1	11	3	0
1	11	4	0
1	11	5	0
1	11	6	0
1	11	7	0
1	11	8	0
1	11	9	0
1	11	10	13.34
1	11	11	25.95
1	11	12	39.2
1	11	13	61.8
1	11	14	70.87
1	11	15	82.12
1	11	16	86.21
1	11	17	60.8
1	11	18	8.8
1	11	19	0
1	11	20	0
1	11	21	0
1	11	22	0
1	11	23	0
1	11	24	0
1	12	1	0
1	12	2	0
1	12	3	0
1	12	4	0
1	12	5	0
1	12	6	0
1	12	7	0
1	12	8	0
1	12	9	9.89
1	12	10	63.97
1	12	11	87.66
1	12	12	92.56
1	12	13	97.64
1	12	14	98.91
1	12	15	97.37
1	12	16	86.03
1	12	17	66.24
1	12	18	8.71
1	12	19	0
1	12	20	0
1	12	21	0
1	12	22	0
1	12	23	0
1	12	24	0
1	13	1	0
1	13	2	0
1	13	3	0
1	13	4	0
1	13	5	0
1	13	6	0
1	13	7	0
1	13	8	0
1	13	9	8.8
1	13	10	64.34
1	13	11	88.66
1	13	12	96.82
1	13	13	100
1	13	14	100
1	13	15	97.73
1	13	16	87.48
1	13	17	64.25
1	13	18	10.07
1	13	19	0
1	13	20	0
1	13	21	0
1	13	22	0
1	13	23	0
1	13	24	0
1	14	1	0
1	14	2	0
1	14	3	0
1	14	4	0
1	14	5	0
1	14	6	0
1	14	7	0
1	14	8	0
1	14	9	10.44
1	14	10	59.62
1	14	11	83.76
1	14	12	88.29
1	14	13	89.56
1	14	14	92.92
1	14	15	84.94
1	14	16	77.86
1	14	17	60.8
1	14	18	9.98
1	14	19	0
1	14	20	0
1	14	21	0
1	14	22	0
1	14	23	0
1	14	24	0
1	15	1	0
1	15	2	0
1	15	3	0
1	15	4	0
1	15	5	0
1	15	6	0
1	15	7	0
1	15	8	0
1	15	9	10.34
1	15	10	58.17
1	15	11	85.3
1	15	12	94.1
1	15	13	93.19
1	15	14	85.21
1	15	15	62.89
1	15	16	57.62
1	15	17	42.01
1	15	18	5.17
1	15	19	0
1	15	20	0
1	15	21	0
1	15	22	0
1	15	23	0
1	15	24	0
1	16	1	0
1	16	2	0
1	16	3	0
1	16	4	0
1	16	5	0
1	16	6	0
1	16	7	0
1	16	8	0
1	16	9	11.89
1	16	10	68.97
1	16	11	88.2
1	16	12	94.92
1	16	13	99.27
1	16	14	100
1	16	15	100
1	16	16	90.38
1	16	17	67.33
1	16	18	12.79
1	16	19	0
1	16	20	0
1	16	21	0
1	16	22	0
1	16	23	0
1	16	24	0
1	17	1	0
1	17	2	0
1	17	3	0
1	17	4	0
1	17	5	0
1	17	6	0
1	17	7	0
1	17	8	0
1	17	9	10.34
1	17	10	64.07
1	17	11	89.02
1	17	12	96.19
1	17	13	96.64
1	17	14	97.28
1	17	15	92.56
1	17	16	79.58
1	17	17	53.36
1	17	18	11.34
1	17	19	0
1	17	20	0
1	17	21	0
1	17	22	0
1	17	23	0
1	17	24	0
1	18	1	0
1	18	2	0
1	18	3	0
1	18	4	0
1	18	5	0
1	18	6	0
1	18	7	0
1	18	8	0
1	18	9	9.89
1	18	10	63.79
1	18	11	87.3
1	18	12	92.01
1	18	13	94.1
1	18	14	91.47
1	18	15	88.84
1	18	16	81.67
1	18	17	43.65
1	18	18	4.72
1	18	19	0
1	18	20	0
1	18	21	0
1	18	22	0
1	18	23	0
1	18	24	0
1	19	1	0
1	19	2	0
1	19	3	0
1	19	4	0
1	19	5	0
1	19	6	0
1	19	7	0
1	19	8	0
1	19	9	9.62
1	19	10	63.34
1	19	11	86.39
1	19	12	91.02
1	19	13	97.01
1	19	14	98.91
1	19	15	98.91
1	19	16	85.12
1	19	17	51.91
1	19	18	8.17
1	19	19	0
1	19	20	0
1	19	21	0
1	19	22	0
1	19	23	0
1	19	24	0
1	20	1	0
1	20	2	0
1	20	3	0
1	20	4	0
1	20	5	0
1	20	6	0
1	20	7	0
1	20	8	0
1	20	9	0
1	20	10	10.62
1	20	11	19.42
1	20	12	32.94
1	20	13	43.83
1	20	14	45.46
1	20	15	50.91
1	20	16	32.03
1	20	17	21.96
1	20	18	5.08
1	20	19	0
1	20	20	0
1	20	21	0
1	20	22	0
1	20	23	0
1	20	24	0
1	21	1	0
1	21	2	0
1	21	3	0
1	21	4	0
1	21	5	0
1	21	6	0
1	21	7	0
1	21	8	0
1	21	9	7.17
1	21	10	44.56
1	21	11	61.8
1	21	12	86.39
1	21	13	100
1	21	14	100
1	21	15	99.09
1	21	16	91.47
1	21	17	71.14
1	21	18	17.79
1	21	19	0
1	21	20	0
1	21	21	0
1	21	22	0
1	21	23	0
1	21	24	0
1	22	1	0
1	22	2	0
1	22	3	0
1	22	4	0
1	22	5	0
1	22	6	0
1	22	7	0
1	22	8	0
1	22	9	10.44
1	22	10	44.65
1	22	11	69.06
1	22	12	54.63
1	22	13	40.2
1	22	14	22.78
1	22	15	18.24
1	22	16	11.71
1	22	17	8.26
1	22	18	2.72
1	22	19	0
1	22	20	0
1	22	21	0
1	22	22	0
1	22	23	0
1	22	24	0
1	23	1	0
1	23	2	0
1	23	3	0
1	23	4	0
1	23	5	0
1	23	6	0
1	23	7	0
1	23	8	0
1	23	9	0
1	23	10	7.89
1	23	11	10.89
1	23	12	20.15
1	23	13	31.67
1	23	14	36.03
1	23	15	42.01
1	23	16	30.85
1	23	17	20.6
1	23	18	4.36
1	23	19	0
1	23	20	0
1	23	21	0
1	23	22	0
1	23	23	0
1	23	24	0
1	24	1	0
1	24	2	0
1	24	3	0
1	24	4	0
1	24	5	0
1	24	6	0
1	24	7	0
1	24	8	0
1	24	9	6.53
1	24	10	38.66
1	24	11	69.06
1	24	12	87.66
1	24	13	100
1	24	14	100
1	24	15	100
1	24	16	92.01
1	24	17	73.05
1	24	18	19.51
1	24	19	0
1	24	20	0
1	24	21	0
1	24	22	0
1	24	23	0
1	24	24	0
1	25	1	0
1	25	2	0
1	25	3	0
1	25	4	0
1	25	5	0
1	25	6	0
1	25	7	0
1	25	8	0
1	25	9	9.71
1	25	10	65.52
1	25	11	88.11
1	25	12	95.19
1	25	13	99.46
1	25	14	100
1	25	15	97.37
1	25	16	90.56
1	25	17	71.32
1	25	18	19.69
1	25	19	0
1	25	20	0
1	25	21	0
1	25	22	0
1	25	23	0
1	25	24	0
1	26	1	0
1	26	2	0
1	26	3	0
1	26	4	0
1	26	5	0
1	26	6	0
1	26	7	0
1	26	8	0
1	26	9	0
1	26	10	0
1	26	11	4.81
1	26	12	8.26
1	26	13	11.52
1	26	14	11.43
1	26	15	13.16
1	26	16	12.98
1	26	17	11.89
1	26	18	2.9
1	26	19	0
1	26	20	0
1	26	21	0
1	26	22	0
1	26	23	0
1	26	24	0
1	27	1	0
1	27	2	0
1	27	3	0
1	27	4	0
1	27	5	0
1	27	6	0
1	27	7	0
1	27	8	0
1	27	9	0
1	27	10	13.79
1	27	11	23.05
1	27	12	33.21
1	27	13	43.74
1	27	14	50.54
1	27	15	46.46
1	27	16	41.38
1	27	17	36.66
1	27	18	9.71
1	27	19	0
1	27	20	0
1	27	21	0
1	27	22	0
1	27	23	0
1	27	24	0
1	28	1	0
1	28	2	0
1	28	3	0
1	28	4	0
1	28	5	0
1	28	6	0
1	28	7	0
1	28	8	0
1	28	9	12.07
1	28	10	69.96
1	28	11	91.83
1	28	12	96.73
1	28	13	97.73
1	28	14	99.36
1	28	15	98.28
1	28	16	91.83
1	28	17	74.59
1	28	18	20.15
1	28	19	0
1	28	20	0
1	28	21	0
1	28	22	0
1	28	23	0
1	28	24	0
1	29	1	0
1	29	2	0
1	29	3	0
1	29	4	0
1	29	5	0
1	29	6	0
1	29	7	0
1	29	8	0
1	29	9	14.88
1	29	10	69.69
1	29	11	88.84
1	29	12	93.47
1	29	13	96.37
1	29	14	92.47
1	29	15	91.29
1	29	16	87.75
1	29	17	70.96
1	29	18	23.96
1	29	19	0
1	29	20	0
1	29	21	0
1	29	22	0
1	29	23	0
1	29	24	0
1	30	1	0
1	30	2	0
1	30	3	0
1	30	4	0
1	30	5	0
1	30	6	0
1	30	7	0
1	30	8	0
1	30	9	10.53
1	30	10	69.06
1	30	11	88.75
1	30	12	93.19
1	30	13	97.1
1	30	14	90.74
1	30	15	91.65
1	30	16	82.76
1	30	17	71.51
1	30	18	19.6
1	30	19	0
1	30	20	0
1	30	21	0
1	30	22	0
1	30	23	0
1	30	24	0
1	31	1	0
1	31	2	0
1	31	3	0
1	31	4	0
1	31	5	0
1	31	6	0
1	31	7	0
1	31	8	0
1	31	9	7.8
1	31	10	52.72
1	31	11	72.87
1	31	12	90.47
1	31	13	88.57
1	31	14	82.76
1	31	15	80.4
1	31	16	89.93
1	31	17	74.86
1	31	18	22.5
1	31	19	0
1	31	20	0
1	31	21	0
1	31	22	0
1	31	23	0
1	31	24	0
2	1	1	0
2	1	2	0
2	1	3	0
2	1	4	0
2	1	5	0
2	1	6	0
2	1	7	0
2	1	8	0
2	1	9	11.98
2	1	10	70.96
2	1	11	88.84
2	1	12	92.65
2	1	13	95.19
2	1	14	95.28
2	1	15	96.1
2	1	16	83.58
2	1	17	55.81
2	1	18	17.06
2	1	19	0
2	1	20	0
2	1	21	0
2	1	22	0
2	1	23	0
2	1	24	0
2	2	1	0
2	2	2	0
2	2	3	0
2	2	4	0
2	2	5	0
2	2	6	0
2	2	7	0
2	2	8	0
2	2	9	0
2	2	10	8.8
2	2	11	12.98
2	2	12	11.71
2	2	13	15.15
2	2	14	15.79
2	2	15	15.06
2	2	16	9.98
2	2	17	6.17
2	2	18	0
2	2	19	0
2	2	20	0
2	2	21	0
2	2	22	0
2	2	23	0
2	2	24	0
2	3	1	0
2	3	2	0
2	3	3	0
2	3	4	0
2	3	5	0
2	3	6	0
2	3	7	0
2	3	8	0
2	3	9	2.72
2	3	10	13.34
2	3	11	20.33
2	3	12	26.95
2	3	13	31.49
2	3	14	26.68
2	3	15	22.05
2	3	16	9.71
2	3	17	6.81
2	3	18	3.72
2	3	19	0
2	3	20	0
2	3	21	0
2	3	22	0
2	3	23	0
2	3	24	0
2	4	1	0
2	4	2	0
2	4	3	0
2	4	4	0
2	4	5	0
2	4	6	0
2	4	7	0
2	4	8	0
2	4	9	12.34
2	4	10	55.26
2	4	11	68.87
2	4	12	71.51
2	4	13	71.6
2	4	14	74.5
2	4	15	75.05
2	4	16	70.6
2	4	17	57.89
2	4	18	23.77
2	4	19	0
2	4	20	0
2	4	21	0
2	4	22	0
2	4	23	0
2	4	24	0
2	5	1	0
2	5	2	0
2	5	3	0
2	5	4	0
2	5	5	0
2	5	6	0
2	5	7	0
2	5	8	0
2	5	9	15.97
2	5	10	70.24
2	5	11	91.65
2	5	12	96.1
2	5	13	100
2	5	14	100
2	5	15	98.73
2	5	16	94.92
2	5	17	79.13
2	5	18	29.04
2	5	19	0
2	5	20	0
2	5	21	0
2	5	22	0
2	5	23	0
2	5	24	0
2	6	1	0
2	6	2	0
2	6	3	0
2	6	4	0
2	6	5	0
2	6	6	0
2	6	7	0
2	6	8	0
2	6	9	15.52
2	6	10	74.41
2	6	11	92.2
2	6	12	97.37
2	6	13	100
2	6	14	100
2	6	15	99
2	6	16	94.92
2	6	17	79.85
2	6	18	30.94
2	6	19	0
2	6	20	0
2	6	21	0
2	6	22	0
2	6	23	0
2	6	24	0
2	7	1	0
2	7	2	0
2	7	3	0
2	7	4	0
2	7	5	0
2	7	6	0
2	7	7	0
2	7	8	0
2	7	9	17.79
2	7	10	72.6
2	7	11	85.93
2	7	12	92.56
2	7	13	99
2	7	14	100
2	7	15	100
2	7	16	94.74
2	7	17	79.85
2	7	18	32.4
2	7	19	0
2	7	20	0
2	7	21	0
2	7	22	0
2	7	23	0
2	7	24	0
2	8	1	0
2	8	2	0
2	8	3	0
2	8	4	0
2	8	5	0
2	8	6	0
2	8	7	0
2	8	8	0
2	8	9	18.6
2	8	10	72.41
2	8	11	90.93
2	8	12	95.19
2	8	13	99.55
2	8	14	99.46
2	8	15	99.91
2	8	16	95.1
2	8	17	80.76
2	8	18	30.04
2	8	19	0
2	8	20	0
2	8	21	0
2	8	22	0
2	8	23	0
2	8	24	0
2	9	1	0
2	9	2	0
2	9	3	0
2	9	4	0
2	9	5	0
2	9	6	0
2	9	7	0
2	9	8	0
2	9	9	21.69
2	9	10	77.95
2	9	11	91.83
2	9	12	95.01
2	9	13	95.74
2	9	14	98.37
2	9	15	98.55
2	9	16	95.83
2	9	17	81.03
2	9	18	33.58
2	9	19	0
2	9	20	0
2	9	21	0
2	9	22	0
2	9	23	0
2	9	24	0
2	10	1	0
2	10	2	0
2	10	3	0
2	10	4	0
2	10	5	0
2	10	6	0
2	10	7	0
2	10	8	0
2	10	9	16.06
2	10	10	75.95
2	10	11	92.74
2	10	12	96.19
2	10	13	97.91
2	10	14	97.82
2	10	15	98.28
2	10	16	94.56
2	10	17	80.49
2	10	18	36.39
2	10	19	0
2	10	20	0
2	10	21	0
2	10	22	0
2	10	23	0
2	10	24	0
2	11	1	0
2	11	2	0
2	11	3	0
2	11	4	0
2	11	5	0
2	11	6	0
2	11	7	0
2	11	8	0
2	11	9	19.06
2	11	10	77.22
2	11	11	92.47
2	11	12	95.55
2	11	13	96.37
2	11	14	95.01
2	11	15	97.55
2	11	16	94.83
2	11	17	80.49
2	11	18	35.75
2	11	19	0
2	11	20	0
2	11	21	0
2	11	22	0
2	11	23	0
2	11	24	0
2	12	1	0
2	12	2	0
2	12	3	0
2	12	4	0
2	12	5	0
2	12	6	0
2	12	7	0
2	12	8	0
2	12	9	11.8
2	12	10	32.58
2	12	11	48.46
2	12	12	54.81
2	12	13	77.13
2	12	14	75.41
2	12	15	83.67
2	12	16	100
2	12	17	90.02
2	12	18	39.84
2	12	19	0
2	12	20	0
2	12	21	0
2	12	22	0
2	12	23	0
2	12	24	0
2	13	1	0
2	13	2	0
2	13	3	0
2	13	4	0
2	13	5	0
2	13	6	0
2	13	7	0
2	13	8	0
2	13	9	22.69
2	13	10	76.77
2	13	11	90.56
2	13	12	93.38
2	13	13	97.1
2	13	14	97.82
2	13	15	97.91
2	13	16	95.74
2	13	17	82.85
2	13	18	33.67
2	13	19	0
2	13	20	0
2	13	21	0
2	13	22	0
2	13	23	0
2	13	24	0
2	14	1	0
2	14	2	0
2	14	3	0
2	14	4	0
2	14	5	0
2	14	6	0
2	14	7	0
2	14	8	0
2	14	9	19.87
2	14	10	77.04
2	14	11	91.56
2	14	12	95.19
2	14	13	97.82
2	14	14	98
2	14	15	98.73
2	14	16	94.92
2	14	17	83.03
2	14	18	38.84
2	14	19	0
2	14	20	0
2	14	21	0
2	14	22	0
2	14	23	0
2	14	24	0
2	15	1	0
2	15	2	0
2	15	3	0
2	15	4	0
2	15	5	0
2	15	6	0
2	15	7	0
2	15	8	0
2	15	9	25.5
2	15	10	77.77
2	15	11	92.47
2	15	12	96.01
2	15	13	92.83
2	15	14	84.94
2	15	15	78.68
2	15	16	65.79
2	15	17	55.54
2	15	18	23.41
2	15	19	0
2	15	20	0
2	15	21	0
2	15	22	0
2	15	23	0
2	15	24	0
2	16	1	0
2	16	2	0
2	16	3	0
2	16	4	0
2	16	5	0
2	16	6	0
2	16	7	0
2	16	8	0
2	16	9	19.96
2	16	10	75.23
2	16	11	91.11
2	16	12	93.28
2	16	13	91.65
2	16	14	90.02
2	16	15	89.84
2	16	16	79.04
2	16	17	54.45
2	16	18	33.3
2	16	19	0
2	16	20	0
2	16	21	0
2	16	22	0
2	16	23	0
2	16	24	0
2	17	1	0
2	17	2	0
2	17	3	0
2	17	4	0
2	17	5	0
2	17	6	0
2	17	7	0
2	17	8	0
2	17	9	25.05
2	17	10	78.4
2	17	11	83.3
2	17	12	82.49
2	17	13	82.67
2	17	14	80.04
2	17	15	76.5
2	17	16	65.43
2	17	17	52.63
2	17	18	29.58
2	17	19	0
2	17	20	0
2	17	21	0
2	17	22	0
2	17	23	0
2	17	24	0
2	18	1	0
2	18	2	0
2	18	3	0
2	18	4	0
2	18	5	0
2	18	6	0
2	18	7	0
2	18	8	0
2	18	9	23.59
2	18	10	78.49
2	18	11	93.1
2	18	12	96.73
2	18	13	98.55
2	18	14	98.91
2	18	15	97.64
2	18	16	96.37
2	18	17	84.85
2	18	18	45.46
2	18	19	0
2	18	20	0
2	18	21	0
2	18	22	0
2	18	23	0
2	18	24	0
2	19	1	0
2	19	2	0
2	19	3	0
2	19	4	0
2	19	5	0
2	19	6	0
2	19	7	0
2	19	8	0
2	19	9	27.77
2	19	10	80.76
2	19	11	92.38
2	19	12	93.92
2	19	13	97.1
2	19	14	97.82
2	19	15	99
2	19	16	97.28
2	19	17	84.21
2	19	18	42.47
2	19	19	0
2	19	20	0
2	19	21	0
2	19	22	0
2	19	23	0
2	19	24	0
2	20	1	0
2	20	2	0
2	20	3	0
2	20	4	0
2	20	5	0
2	20	6	0
2	20	7	0
2	20	8	0
2	20	9	24.95
2	20	10	65.52
2	20	11	78.4
2	20	12	80.04
2	20	13	83.76
2	20	14	83.76
2	20	15	84.21
2	20	16	79.22
2	20	17	57.89
2	20	18	23.32
2	20	19	0
2	20	20	0
2	20	21	0
2	20	22	0
2	20	23	0
2	20	24	0
2	21	1	0
2	21	2	0
2	21	3	0
2	21	4	0
2	21	5	0
2	21	6	0
2	21	7	0
2	21	8	0
2	21	9	22.96
2	21	10	31.76
2	21	11	34.57
2	21	12	36.84
2	21	13	34.48
2	21	14	36.48
2	21	15	23.05
2	21	16	14.52
2	21	17	9.44
2	21	18	11.07
2	21	19	0
2	21	20	0
2	21	21	0
2	21	22	0
2	21	23	0
2	21	24	0
2	22	1	0
2	22	2	0
2	22	3	0
2	22	4	0
2	22	5	0
2	22	6	0
2	22	7	0
2	22	8	0
2	22	9	27.4
2	22	10	71.14
2	22	11	84.57
2	22	12	89.47
2	22	13	89.56
2	22	14	87.75
2	22	15	83.3
2	22	16	77.77
2	22	17	68.33
2	22	18	34.94
2	22	19	0
2	22	20	0
2	22	21	0
2	22	22	0
2	22	23	0
2	22	24	0
2	23	1	0
2	23	2	0
2	23	3	0
2	23	4	0
2	23	5	0
2	23	6	0
2	23	7	0
2	23	8	0
2	23	9	6.62
2	23	10	17.79
2	23	11	19.51
2	23	12	36.12
2	23	13	43.1
2	23	14	60.16
2	23	15	86.75
2	23	16	91.92
2	23	17	76.13
2	23	18	34.85
2	23	19	0
2	23	20	0
2	23	21	0
2	23	22	0
2	23	23	0
2	23	24	0
2	24	1	0
2	24	2	0
2	24	3	0
2	24	4	0
2	24	5	0
2	24	6	0
2	24	7	0
2	24	8	0
2	24	9	16.24
2	24	10	43.38
2	24	11	53.63
2	24	12	66.33
2	24	13	69.42
2	24	14	73.5
2	24	15	68.69
2	24	16	83.67
2	24	17	78.04
2	24	18	44.83
2	24	19	0
2	24	20	0
2	24	21	0
2	24	22	0
2	24	23	0
2	24	24	0
2	25	1	0
2	25	2	0
2	25	3	0
2	25	4	0
2	25	5	0
2	25	6	0
2	25	7	0
2	25	8	0
2	25	9	22.41
2	25	10	66.79
2	25	11	90.74
2	25	12	92.38
2	25	13	92.38
2	25	14	95.1
2	25	15	94.1
2	25	16	81.31
2	25	17	81.4
2	25	18	47.01
2	25	19	0
2	25	20	0
2	25	21	0
2	25	22	0
2	25	23	0
2	25	24	0
2	26	1	0
2	26	2	0
2	26	3	0
2	26	4	0
2	26	5	0
2	26	6	0
2	26	7	0
2	26	8	0
2	26	9	14.79
2	26	10	48.55
2	26	11	61.43
2	26	12	79.31
2	26	13	84.66
2	26	14	87.39
2	26	15	86.03
2	26	16	90.93
2	26	17	82.85
2	26	18	46.19
2	26	19	2.81
2	26	20	0
2	26	21	0
2	26	22	0
2	26	23	0
2	26	24	0
2	27	1	0
2	27	2	0
2	27	3	0
2	27	4	0
2	27	5	0
2	27	6	0
2	27	7	0
2	27	8	0
2	27	9	35.84
2	27	10	81.58
2	27	11	92.74
2	27	12	95.1
2	27	13	97.1
2	27	14	97.91
2	27	15	97.55
2	27	16	98
2	27	17	87.48
2	27	18	52.99
2	27	19	3.27
2	27	20	0
2	27	21	0
2	27	22	0
2	27	23	0
2	27	24	0
2	28	1	0
2	28	2	0
2	28	3	0
2	28	4	0
2	28	5	0
2	28	6	0
2	28	7	0
2	28	8	0
2	28	9	31.58
2	28	10	82.21
2	28	11	91.56
2	28	12	92.74
2	28	13	91.56
2	28	14	87.57
2	28	15	81.03
2	28	16	75.41
2	28	17	59.07
2	28	18	28.04
2	28	19	0
2	28	20	0
2	28	21	0
2	28	22	0
2	28	23	0
2	28	24	0
3	1	1	0
3	1	2	0
3	1	3	0
3	1	4	0
3	1	5	0
3	1	6	0
3	1	7	0
3	1	8	0
3	1	9	12.7
3	1	10	51.63
3	1	11	68.6
3	1	12	63.34
3	1	13	74.86
3	1	14	67.7
3	1	15	69.6
3	1	16	59.8
3	1	17	48.73
3	1	18	13.52
3	1	19	2.9
3	1	20	0
3	1	21	0
3	1	22	0
3	1	23	0
3	1	24	0
3	2	1	0
3	2	2	0
3	2	3	0
3	2	4	0
3	2	5	0
3	2	6	0
3	2	7	0
3	2	8	0
3	2	9	31.03
3	2	10	68.6
3	2	11	78.22
3	2	12	84.48
3	2	13	87.75
3	2	14	95.74
3	2	15	87.84
3	2	16	85.84
3	2	17	78.95
3	2	18	41.47
3	2	19	2.36
3	2	20	0
3	2	21	0
3	2	22	0
3	2	23	0
3	2	24	0
3	3	1	0
3	3	2	0
3	3	3	0
3	3	4	0
3	3	5	0
3	3	6	0
3	3	7	0
3	3	8	0
3	3	9	22.41
3	3	10	51
3	3	11	63.79
3	3	12	67.88
3	3	13	80.49
3	3	14	82.49
3	3	15	76.41
3	3	16	74.5
3	3	17	60.16
3	3	18	43.47
3	3	19	3.54
3	3	20	0
3	3	21	0
3	3	22	0
3	3	23	0
3	3	24	0
3	4	1	0
3	4	2	0
3	4	3	0
3	4	4	0
3	4	5	0
3	4	6	0
3	4	7	0
3	4	8	0
3	4	9	18.69
3	4	10	57.71
3	4	11	67.51
3	4	12	78.86
3	4	13	88.66
3	4	14	84.75
3	4	15	81.58
3	4	16	70.24
3	4	17	62.98
3	4	18	27.04
3	4	19	2.45
3	4	20	0
3	4	21	0
3	4	22	0
3	4	23	0
3	4	24	0
3	5	1	0
3	5	2	0
3	5	3	0
3	5	4	0
3	5	5	0
3	5	6	0
3	5	7	0
3	5	8	0
3	5	9	45.37
3	5	10	83.76
3	5	11	93.56
3	5	12	93.74
3	5	13	95.28
3	5	14	95.92
3	5	15	96.37
3	5	16	96.01
3	5	17	87.21
3	5	18	53.27
3	5	19	4.17
3	5	20	0
3	5	21	0
3	5	22	0
3	5	23	0
3	5	24	0
3	6	1	0
3	6	2	0
3	6	3	0
3	6	4	0
3	6	5	0
3	6	6	0
3	6	7	0
3	6	8	0
3	6	9	29.67
3	6	10	73.77
3	6	11	90.38
3	6	12	95.55
3	6	13	99.82
3	6	14	98.28
3	6	15	97.82
3	6	16	96.55
3	6	17	87.75
3	6	18	51.63
3	6	19	3.18
3	6	20	0
3	6	21	0
3	6	22	0
3	6	23	0
3	6	24	0
3	7	1	0
3	7	2	0
3	7	3	0
3	7	4	0
3	7	5	0
3	7	6	0
3	7	7	0
3	7	8	3.27
3	7	9	31.67
3	7	10	83.48
3	7	11	91.56
3	7	12	87.57
3	7	13	95.74
3	7	14	96.91
3	7	15	100
3	7	16	98.19
3	7	17	84.48
3	7	18	54.63
3	7	19	2.63
3	7	20	0
3	7	21	0
3	7	22	0
3	7	23	0
3	7	24	0
3	8	1	0
3	8	2	0
3	8	3	0
3	8	4	0
3	8	5	0
3	8	6	0
3	8	7	0
3	8	8	0
3	8	9	26.41
3	8	10	73.68
3	8	11	84.12
3	8	12	89.84
3	8	13	95.28
3	8	14	99
3	8	15	100
3	8	16	99
3	8	17	89.93
3	8	18	59.98
3	8	19	5.08
3	8	20	0
3	8	21	0
3	8	22	0
3	8	23	0
3	8	24	0
3	9	1	0
3	9	2	0
3	9	3	0
3	9	4	0
3	9	5	0
3	9	6	0
3	9	7	0
3	9	8	2.9
3	9	9	46.82
3	9	10	85.3
3	9	11	92.01
3	9	12	92.92
3	9	13	95.19
3	9	14	97.1
3	9	15	98.37
3	9	16	96.37
3	9	17	88.11
3	9	18	57.26
3	9	19	4.63
3	9	20	0
3	9	21	0
3	9	22	0
3	9	23	0
3	9	24	0
3	10	1	0
3	10	2	0
3	10	3	0
3	10	4	0
3	10	5	0
3	10	6	0
3	10	7	0
3	10	8	3.72
3	10	9	45.92
3	10	10	87.84
3	10	11	93.38
3	10	12	95.01
3	10	13	97.1
3	10	14	96.46
3	10	15	97.55
3	10	16	96.1
3	10	17	88.48
3	10	18	60.98
3	10	19	4.81
3	10	20	0
3	10	21	0
3	10	22	0
3	10	23	0
3	10	24	0
3	11	1	0
3	11	2	0
3	11	3	0
3	11	4	0
3	11	5	0
3	11	6	0
3	11	7	0
3	11	8	0
3	11	9	7.08
3	11	10	13.43
3	11	11	22.6
3	11	12	32.94
3	11	13	47.82
3	11	14	56.53
3	11	15	62.79
3	11	16	75.23
3	11	17	84.48
3	11	18	58.44
3	11	19	5.08
3	11	20	0
3	11	21	0
3	11	22	0
3	11	23	0
3	11	24	0
3	12	1	0
3	12	2	0
3	12	3	0
3	12	4	0
3	12	5	0
3	12	6	0
3	12	7	0
3	12	8	3.54
3	12	9	51
3	12	10	87.39
3	12	11	94.65
3	12	12	94.46
3	12	13	96.82
3	12	14	96.55
3	12	15	98.64
3	12	16	98.82
3	12	17	91.29
3	12	18	65.43
3	12	19	5.08
3	12	20	0
3	12	21	0
3	12	22	0
3	12	23	0
3	12	24	0
3	13	1	0
3	13	2	0
3	13	3	0
3	13	4	0
3	13	5	0
3	13	6	0
3	13	7	0
3	13	8	0
3	13	9	4.81
3	13	10	49.73
3	13	11	90.2
3	13	12	94.83
3	13	13	93.83
3	13	14	90.83
3	13	15	84.39
3	13	16	68.6
3	13	17	67.79
3	13	18	62.34
3	13	19	41.65
3	13	20	3.45
3	13	21	0
3	13	22	0
3	13	23	0
3	13	24	0
3	14	1	0
3	14	2	0
3	14	3	0
3	14	4	0
3	14	5	0
3	14	6	0
3	14	7	0
3	14	8	0
3	14	9	5.54
3	14	10	54.9
3	14	11	87.75
3	14	12	94.1
3	14	13	94.1
3	14	14	95.55
3	14	15	95.19
3	14	16	94.19
3	14	17	92.92
3	14	18	85.21
3	14	19	57.53
3	14	20	3.54
3	14	21	0
3	14	22	0
3	14	23	0
3	14	24	0
3	15	1	0
3	15	2	0
3	15	3	0
3	15	4	0
3	15	5	0
3	15	6	0
3	15	7	0
3	15	8	0
3	15	9	4.45
3	15	10	53.27
3	15	11	87.84
3	15	12	92.11
3	15	13	93.83
3	15	14	96.55
3	15	15	96.01
3	15	16	96.73
3	15	17	97.46
3	15	18	90.65
3	15	19	64.61
3	15	20	4.99
3	15	21	0
3	15	22	0
3	15	23	0
3	15	24	0
3	16	1	0
3	16	2	0
3	16	3	0
3	16	4	0
3	16	5	0
3	16	6	0
3	16	7	0
3	16	8	0
3	16	9	7.26
3	16	10	58.71
3	16	11	88.11
3	16	12	92.01
3	16	13	93.19
3	16	14	87.66
3	16	15	84.85
3	16	16	80.31
3	16	17	82.49
3	16	18	71.23
3	16	19	46.37
3	16	20	4.63
3	16	21	0
3	16	22	0
3	16	23	0
3	16	24	0
3	17	1	0
3	17	2	0
3	17	3	0
3	17	4	0
3	17	5	0
3	17	6	0
3	17	7	0
3	17	8	0
3	17	9	7.71
3	17	10	57.8
3	17	11	89.93
3	17	12	91.65
3	17	13	93.47
3	17	14	87.3
3	17	15	82.94
3	17	16	76.41
3	17	17	82.67
3	17	18	68.6
3	17	19	35.12
3	17	20	1.54
3	17	21	0
3	17	22	0
3	17	23	0
3	17	24	0
3	18	1	0
3	18	2	0
3	18	3	0
3	18	4	0
3	18	5	0
3	18	6	0
3	18	7	0
3	18	8	0
3	18	9	7.99
3	18	10	59.8
3	18	11	88.66
3	18	12	93.56
3	18	13	93.01
3	18	14	94.28
3	18	15	93.19
3	18	16	95.01
3	18	17	93.74
3	18	18	84.39
3	18	19	47.73
3	18	20	3.18
3	18	21	0
3	18	22	0
3	18	23	0
3	18	24	0
3	19	1	0
3	19	2	0
3	19	3	0
3	19	4	0
3	19	5	0
3	19	6	0
3	19	7	0
3	19	8	0
3	19	9	6.62
3	19	10	51
3	19	11	87.48
3	19	12	92.29
3	19	13	96.64
3	19	14	94.74
3	19	15	89.66
3	19	16	85.03
3	19	17	87.75
3	19	18	87.93
3	19	19	64.34
3	19	20	7.26
3	19	21	0
3	19	22	0
3	19	23	0
3	19	24	0
3	20	1	0
3	20	2	0
3	20	3	0
3	20	4	0
3	20	5	0
3	20	6	0
3	20	7	0
3	20	8	0
3	20	9	6.9
3	20	10	61.98
3	20	11	88.38
3	20	12	91.74
3	20	13	93.01
3	20	14	85.48
3	20	15	73.68
3	20	16	48.09
3	20	17	47.91
3	20	18	45.92
3	20	19	31.49
3	20	20	2.27
3	20	21	0
3	20	22	0
3	20	23	0
3	20	24	0
3	21	1	0
3	21	2	0
3	21	3	0
3	21	4	0
3	21	5	0
3	21	6	0
3	21	7	0
3	21	8	0
3	21	9	5.54
3	21	10	37.75
3	21	11	61.52
3	21	12	60.89
3	21	13	76.04
3	21	14	75.77
3	21	15	77.86
3	21	16	68.87
3	21	17	56.35
3	21	18	64.34
3	21	19	30.4
3	21	20	5.08
3	21	21	0
3	21	22	0
3	21	23	0
3	21	24	0
3	22	1	0
3	22	2	0
3	22	3	0
3	22	4	0
3	22	5	0
3	22	6	0
3	22	7	0
3	22	8	0
3	22	9	7.08
3	22	10	34.03
3	22	11	55.44
3	22	12	67.79
3	22	13	77.5
3	22	14	78.22
3	22	15	58.98
3	22	16	47.64
3	22	17	34.66
3	22	18	35.12
3	22	19	14.79
3	22	20	0.91
3	22	21	0
3	22	22	0
3	22	23	0
3	22	24	0
3	23	1	0
3	23	2	0
3	23	3	0
3	23	4	0
3	23	5	0
3	23	6	0
3	23	7	0
3	23	8	0
3	23	9	9.8
3	23	10	54.9
3	23	11	80.67
3	23	12	86.12
3	23	13	89.38
3	23	14	97.55
3	23	15	94.37
3	23	16	88.66
3	23	17	91.2
3	23	18	86.3
3	23	19	55.54
3	23	20	6.26
3	23	21	0
3	23	22	0
3	23	23	0
3	23	24	0
3	24	1	0
3	24	2	0
3	24	3	0
3	24	4	0
3	24	5	0
3	24	6	0
3	24	7	0
3	24	8	0
3	24	9	13.61
3	24	10	66.79
3	24	11	89.56
3	24	12	93.74
3	24	13	92.92
3	24	14	95.74
3	24	15	96.19
3	24	16	98.37
3	24	17	96.37
3	24	18	92.47
3	24	19	70.24
3	24	20	8.8
3	24	21	0
3	24	22	0
3	24	23	0
3	24	24	0
3	25	1	0
3	25	2	0
3	25	3	0
3	25	4	0
3	25	5	0
3	25	6	0
3	25	7	0
3	25	8	0
3	25	9	14.88
3	25	10	63.34
3	25	11	90.02
3	25	12	93.1
3	25	13	93.38
3	25	14	96.1
3	25	15	95.46
3	25	16	95.74
3	25	17	95.64
3	25	18	90.47
3	25	19	67.42
3	25	20	8.53
3	25	21	0
3	25	22	0
3	25	23	0
3	25	24	0
3	26	1	0
3	26	2	0
3	26	3	0
3	26	4	0
3	26	5	0
3	26	6	0
3	26	7	0
3	26	8	0
3	26	9	15.79
3	26	10	67.42
3	26	11	90.11
3	26	12	92.65
3	26	13	94.1
3	26	14	95.28
3	26	15	95.1
3	26	16	95.01
3	26	17	93.74
3	26	18	87.66
3	26	19	66.79
3	26	20	7.99
3	26	21	0
3	26	22	0
3	26	23	0
3	26	24	0
3	27	1	0
3	27	2	0
3	27	3	0
3	27	4	0
3	27	5	0
3	27	6	0
3	27	7	0
3	27	8	0
3	27	9	15.61
3	27	10	66.06
3	27	11	89.84
3	27	12	93.65
3	27	13	94.01
3	27	14	94.19
3	27	15	95.46
3	27	16	95.46
3	27	17	94.28
3	27	18	90.65
3	27	19	61.16
3	27	20	6.81
3	27	21	0
3	27	22	0
3	27	23	0
3	27	24	0
3	28	1	0
3	28	2	0
3	28	3	0
3	28	4	0
3	28	5	0
3	28	6	0
3	28	7	0
3	28	8	0
3	28	9	14.34
3	28	10	63.79
3	28	11	87.11
3	28	12	90.47
3	28	13	90.65
3	28	14	87.93
3	28	15	84.66
3	28	16	83.03
3	28	17	80.22
3	28	18	66.79
3	28	19	39.93
3	28	20	5.63
3	28	21	0
3	28	22	0
3	28	23	0
3	28	24	0
3	29	1	0
3	29	2	0
3	29	3	0
3	29	4	0
3	29	5	0
3	29	6	0
3	29	7	0
3	29	8	0
3	29	9	7.08
3	29	10	48.64
3	29	11	67.7
3	29	12	57.71
3	29	13	73.68
3	29	14	83.76
3	29	15	73.59
3	29	16	68.87
3	29	17	71.87
3	29	18	76.86
3	29	19	55.63
3	29	20	4.45
3	29	21	0
3	29	22	0
3	29	23	0
3	29	24	0
3	30	1	0
3	30	2	0
3	30	3	0
3	30	4	0
3	30	5	0
3	30	6	0
3	30	7	0
3	30	8	0
3	30	9	12.25
3	30	10	64.88
3	30	11	84.94
3	30	12	90.65
3	30	13	90.74
3	30	14	81.49
3	30	15	79.67
3	30	16	65.97
3	30	17	64.7
3	30	18	54.45
3	30	19	37.75
3	30	20	6.08
3	30	21	0
3	30	22	0
3	30	23	0
3	30	24	0
3	31	1	0
3	31	2	0
3	31	3	0
3	31	4	0
3	31	5	0
3	31	6	0
3	31	7	0
3	31	8	0
3	31	9	16.52
3	31	10	60.71
3	31	11	85.57
3	31	12	88.02
3	31	13	94.46
3	31	14	95.64
3	31	15	97.28
3	31	16	97.91
3	31	17	95.1
3	31	18	90.65
3	31	19	67.7
3	31	20	8.71
3	31	21	0
3	31	22	0
3	31	23	0
3	31	24	0
4	1	1	0
4	1	2	0
4	1	3	0
4	1	4	0
4	1	5	0
4	1	6	0
4	1	7	0
4	1	8	0
4	1	9	29.95
4	1	10	64.16
4	1	11	85.75
4	1	12	89.66
4	1	13	89.66
4	1	14	84.03
4	1	15	79.22
4	1	16	61.07
4	1	17	60.34
4	1	18	55.17
4	1	19	38.75
4	1	20	5.44
4	1	21	0
4	1	22	0
4	1	23	0
4	1	24	0
4	2	1	0
4	2	2	0
4	2	3	0
4	2	4	0
4	2	5	0
4	2	6	0
4	2	7	0
4	2	8	0
4	2	9	31.03
4	2	10	70.78
4	2	11	90.02
4	2	12	91.2
4	2	13	92.74
4	2	14	94.65
4	2	15	94.92
4	2	16	94.19
4	2	17	92.83
4	2	18	86.57
4	2	19	65.52
4	2	20	10.25
4	2	21	0
4	2	22	0
4	2	23	0
4	2	24	0
4	3	1	0
4	3	2	0
4	3	3	0
4	3	4	0
4	3	5	0
4	3	6	0
4	3	7	0
4	3	8	0
4	3	9	32.03
4	3	10	70.42
4	3	11	89.29
4	3	12	91.2
4	3	13	90.83
4	3	14	80.22
4	3	15	65.34
4	3	16	31.85
4	3	17	20.69
4	3	18	25.5
4	3	19	28.04
4	3	20	3.72
4	3	21	0
4	3	22	0
4	3	23	0
4	3	24	0
4	4	1	0
4	4	2	0
4	4	3	0
4	4	4	0
4	4	5	0
4	4	6	0
4	4	7	0
4	4	8	0
4	4	9	11.89
4	4	10	28.68
4	4	11	61.07
4	4	12	78.95
4	4	13	87.48
4	4	14	86.84
4	4	15	90.65
4	4	16	99.73
4	4	17	96.55
4	4	18	87.39
4	4	19	65.61
4	4	20	10.71
4	4	21	0
4	4	22	0
4	4	23	0
4	4	24	0
4	5	1	0
4	5	2	0
4	5	3	0
4	5	4	0
4	5	5	0
4	5	6	0
4	5	7	0
4	5	8	0
4	5	9	29.4
4	5	10	75.5
4	5	11	91.92
4	5	12	92.38
4	5	13	92.65
4	5	14	91.65
4	5	15	86.21
4	5	16	77.68
4	5	17	75.41
4	5	18	72.41
4	5	19	53.81
4	5	20	7.89
4	5	21	0
4	5	22	0
4	5	23	0
4	5	24	0
4	6	1	0
4	6	2	0
4	6	3	0
4	6	4	0
4	6	5	0
4	6	6	0
4	6	7	0
4	6	8	0
4	6	9	32.67
4	6	10	73.05
4	6	11	90.83
4	6	12	92.56
4	6	13	93.1
4	6	14	87.21
4	6	15	77.04
4	6	16	56.35
4	6	17	64.79
4	6	18	86.3
4	6	19	70.24
4	6	20	13.43
4	6	21	0
4	6	22	0
4	6	23	0
4	6	24	0
4	7	1	0
4	7	2	0
4	7	3	0
4	7	4	0
4	7	5	0
4	7	6	0
4	7	7	0
4	7	8	0
4	7	9	35.21
4	7	10	72.6
4	7	11	90.2
4	7	12	92.56
4	7	13	94.46
4	7	14	96.19
4	7	15	96.91
4	7	16	99
4	7	17	96.01
4	7	18	90.93
4	7	19	71.42
4	7	20	11.71
4	7	21	0
4	7	22	0
4	7	23	0
4	7	24	0
4	8	1	0
4	8	2	0
4	8	3	0
4	8	4	0
4	8	5	0
4	8	6	0
4	8	7	0
4	8	8	0
4	8	9	38.29
4	8	10	76.68
4	8	11	91.65
4	8	12	93.28
4	8	13	94.19
4	8	14	96.73
4	8	15	97.1
4	8	16	97.1
4	8	17	96.91
4	8	18	91.74
4	8	19	70.33
4	8	20	13.7
4	8	21	0
4	8	22	0
4	8	23	0
4	8	24	0
4	9	1	0
4	9	2	0
4	9	3	0
4	9	4	0
4	9	5	0
4	9	6	0
4	9	7	0
4	9	8	0
4	9	9	36.57
4	9	10	74.77
4	9	11	92.2
4	9	12	91.92
4	9	13	92.29
4	9	14	97.19
4	9	15	96.55
4	9	16	97.46
4	9	17	93.1
4	9	18	84.85
4	9	19	63.07
4	9	20	8.89
4	9	21	0
4	9	22	0
4	9	23	0
4	9	24	0
4	10	1	0
4	10	2	0
4	10	3	0
4	10	4	0
4	10	5	0
4	10	6	0
4	10	7	0
4	10	8	0
4	10	9	37.57
4	10	10	69.15
4	10	11	85.84
4	10	12	82.76
4	10	13	74.41
4	10	14	85.21
4	10	15	76.68
4	10	16	79.04
4	10	17	71.51
4	10	18	70.87
4	10	19	38.66
4	10	20	6.9
4	10	21	0
4	10	22	0
4	10	23	0
4	10	24	0
4	11	1	0
4	11	2	0
4	11	3	0
4	11	4	0
4	11	5	0
4	11	6	0
4	11	7	0
4	11	8	0
4	11	9	32.76
4	11	10	76.86
4	11	11	89.66
4	11	12	92.38
4	11	13	92.38
4	11	14	96.37
4	11	15	95.92
4	11	16	97.19
4	11	17	95.64
4	11	18	90.11
4	11	19	69.42
4	11	20	14.43
4	11	21	0
4	11	22	0
4	11	23	0
4	11	24	0
4	12	1	0
4	12	2	0
4	12	3	0
4	12	4	0
4	12	5	0
4	12	6	0
4	12	7	0
4	12	8	0
4	12	9	25.95
4	12	10	67.79
4	12	11	84.21
4	12	12	90.83
4	12	13	92.47
4	12	14	96.28
4	12	15	95.74
4	12	16	94.74
4	12	17	93.56
4	12	18	89.11
4	12	19	67.15
4	12	20	12.79
4	12	21	0
4	12	22	0
4	12	23	0
4	12	24	0
4	13	1	0
4	13	2	0
4	13	3	0
4	13	4	0
4	13	5	0
4	13	6	0
4	13	7	0
4	13	8	0
4	13	9	43.1
4	13	10	74.59
4	13	11	91.11
4	13	12	92.56
4	13	13	92.2
4	13	14	89.75
4	13	15	89.47
4	13	16	90.83
4	13	17	93.74
4	13	18	88.29
4	13	19	70.15
4	13	20	13.07
4	13	21	0
4	13	22	0
4	13	23	0
4	13	24	0
4	14	1	0
4	14	2	0
4	14	3	0
4	14	4	0
4	14	5	0
4	14	6	0
4	14	7	0
4	14	8	0
4	14	9	38.66
4	14	10	67.33
4	14	11	90.11
4	14	12	92.01
4	14	13	94.46
4	14	14	93.01
4	14	15	89.02
4	14	16	91.65
4	14	17	90.65
4	14	18	85.48
4	14	19	60.62
4	14	20	11.25
4	14	21	0
4	14	22	0
4	14	23	0
4	14	24	0
4	15	1	0
4	15	2	0
4	15	3	0
4	15	4	0
4	15	5	0
4	15	6	0
4	15	7	0
4	15	8	0
4	15	9	31.49
4	15	10	59.71
4	15	11	82.58
4	15	12	86.75
4	15	13	89.84
4	15	14	89.56
4	15	15	88.11
4	15	16	90.93
4	15	17	77.77
4	15	18	63.79
4	15	19	47.01
4	15	20	9.62
4	15	21	0
4	15	22	0
4	15	23	0
4	15	24	0
4	16	1	0
4	16	2	0
4	16	3	0
4	16	4	0
4	16	5	0
4	16	6	0
4	16	7	0
4	16	8	0
4	16	9	34.75
4	16	10	69.33
4	16	11	86.93
4	16	12	91.29
4	16	13	93.65
4	16	14	91.92
4	16	15	93.38
4	16	16	80.13
4	16	17	74.59
4	16	18	70.6
4	16	19	44.74
4	16	20	9.71
4	16	21	0
4	16	22	0
4	16	23	0
4	16	24	0
4	17	1	0
4	17	2	0
4	17	3	0
4	17	4	0
4	17	5	0
4	17	6	0
4	17	7	0
4	17	8	0
4	17	9	35.84
4	17	10	67.42
4	17	11	89.29
4	17	12	88.84
4	17	13	96.01
4	17	14	98.46
4	17	15	98.64
4	17	16	98.55
4	17	17	96.01
4	17	18	91.02
4	17	19	73.32
4	17	20	16.24
4	17	21	0
4	17	22	0
4	17	23	0
4	17	24	0
4	18	1	0
4	18	2	0
4	18	3	0
4	18	4	0
4	18	5	0
4	18	6	0
4	18	7	0
4	18	8	0
4	18	9	34.3
4	18	10	54.45
4	18	11	46.55
4	18	12	58.8
4	18	13	58.53
4	18	14	67.97
4	18	15	74.68
4	18	16	97.01
4	18	17	89.38
4	18	18	78.49
4	18	19	55.44
4	18	20	12.89
4	18	21	0
4	18	22	0
4	18	23	0
4	18	24	0
4	19	1	0
4	19	2	0
4	19	3	0
4	19	4	0
4	19	5	0
4	19	6	0
4	19	7	0
4	19	8	0
4	19	9	17.6
4	19	10	24.5
4	19	11	31.76
4	19	12	47.46
4	19	13	63.61
4	19	14	62.07
4	19	15	57.26
4	19	16	47.1
4	19	17	48.55
4	19	18	48.28
4	19	19	40.65
4	19	20	8.35
4	19	21	0
4	19	22	0
4	19	23	0
4	19	24	0
4	20	1	0
4	20	2	0
4	20	3	0
4	20	4	0
4	20	5	0
4	20	6	0
4	20	7	0
4	20	8	0
4	20	9	39.66
4	20	10	77.31
4	20	11	87.66
4	20	12	90.11
4	20	13	92.83
4	20	14	93.38
4	20	15	93.56
4	20	16	88.02
4	20	17	90.65
4	20	18	88.66
4	20	19	71.23
4	20	20	14.34
4	20	21	0
4	20	22	0
4	20	23	0
4	20	24	0
4	21	1	0
4	21	2	0
4	21	3	0
4	21	4	0
4	21	5	0
4	21	6	0
4	21	7	0
4	21	8	0
4	21	9	43.92
4	21	10	71.05
4	21	11	89.47
4	21	12	90.02
4	21	13	91.29
4	21	14	93.83
4	21	15	94.28
4	21	16	93.47
4	21	17	84.03
4	21	18	79.58
4	21	19	59.44
4	21	20	13.7
4	21	21	0
4	21	22	0
4	21	23	0
4	21	24	0
4	22	1	0
4	22	2	0
4	22	3	0
4	22	4	0
4	22	5	0
4	22	6	0
4	22	7	0
4	22	8	0
4	22	9	26.68
4	22	10	41.38
4	22	11	52.18
4	22	12	64.79
4	22	13	68.51
4	22	14	76.04
4	22	15	69.15
4	22	16	63.07
4	22	17	49.64
4	22	18	44.37
4	22	19	31.67
4	22	20	6.35
4	22	21	0
4	22	22	0
4	22	23	0
4	22	24	0
4	23	1	0
4	23	2	0
4	23	3	0
4	23	4	0
4	23	5	0
4	23	6	0
4	23	7	0
4	23	8	0
4	23	9	46.55
4	23	10	77.04
4	23	11	89.56
4	23	12	90.56
4	23	13	91.74
4	23	14	88.48
4	23	15	92.65
4	23	16	94.46
4	23	17	89.2
4	23	18	88.29
4	23	19	62.98
4	23	20	13.52
4	23	21	0
4	23	22	0
4	23	23	0
4	23	24	0
4	24	1	0
4	24	2	0
4	24	3	0
4	24	4	0
4	24	5	0
4	24	6	0
4	24	7	0
4	24	8	0
4	24	9	27.95
4	24	10	44.74
4	24	11	61.98
4	24	12	69.06
4	24	13	79.76
4	24	14	84.21
4	24	15	88.93
4	24	16	93.38
4	24	17	83.12
4	24	18	82.21
4	24	19	56.72
4	24	20	15.7
4	24	21	0
4	24	22	0
4	24	23	0
4	24	24	0
4	25	1	0
4	25	2	0
4	25	3	0
4	25	4	0
4	25	5	0
4	25	6	0
4	25	7	0
4	25	8	0
4	25	9	5.26
4	25	10	8.26
4	25	11	14.34
4	25	12	23.59
4	25	13	31.58
4	25	14	36.66
4	25	15	27.4
4	25	16	47.37
4	25	17	46.82
4	25	18	43.74
4	25	19	29.49
4	25	20	8.8
4	25	21	0
4	25	22	0
4	25	23	0
4	25	24	0
4	26	1	0
4	26	2	0
4	26	3	0
4	26	4	0
4	26	5	0
4	26	6	0
4	26	7	0
4	26	8	0
4	26	9	17.6
4	26	10	15.15
4	26	11	24.68
4	26	12	25.05
4	26	13	37.75
4	26	14	35.03
4	26	15	34.21
4	26	16	26.68
4	26	17	35.84
4	26	18	46.19
4	26	19	53.72
4	26	20	21.14
4	26	21	0
4	26	22	0
4	26	23	0
4	26	24	0
4	27	1	0
4	27	2	0
4	27	3	0
4	27	4	0
4	27	5	0
4	27	6	0
4	27	7	0
4	27	8	0
4	27	9	25.23
4	27	10	37.02
4	27	11	59.62
4	27	12	74.68
4	27	13	79.49
4	27	14	84.03
4	27	15	82.67
4	27	16	71.05
4	27	17	67.88
4	27	18	58.8
4	27	19	43.1
4	27	20	6.26
4	27	21	0
4	27	22	0
4	27	23	0
4	27	24	0
4	28	1	0
4	28	2	0
4	28	3	0
4	28	4	0
4	28	5	0
4	28	6	0
4	28	7	0
4	28	8	0
4	28	9	30.67
4	28	10	65.15
4	28	11	81.67
4	28	12	89.11
4	28	13	92.65
4	28	14	89.75
4	28	15	82.85
4	28	16	80.4
4	28	17	58.17
4	28	18	49.09
4	28	19	44.19
4	28	20	18.78
4	28	21	0
4	28	22	0
4	28	23	0
4	28	24	0
4	29	1	0
4	29	2	0
4	29	3	0
4	29	4	0
4	29	5	0
4	29	6	0
4	29	7	0
4	29	8	7.26
4	29	9	54.36
4	29	10	75.86
4	29	11	85.3
4	29	12	90.56
4	29	13	92.38
4	29	14	98.46
4	29	15	99.09
4	29	16	98.37
4	29	17	92.56
4	29	18	88.2
4	29	19	72.6
4	29	20	16.52
4	29	21	0
4	29	22	0
4	29	23	0
4	29	24	0
4	30	1	0
4	30	2	0
4	30	3	0
4	30	4	0
4	30	5	0
4	30	6	0
4	30	7	0
4	30	8	7.35
4	30	9	53.27
4	30	10	66.06
4	30	11	71.87
4	30	12	75.95
4	30	13	85.75
4	30	14	91.56
4	30	15	99.09
4	30	16	99.36
4	30	17	92.47
4	30	18	85.93
4	30	19	71.78
4	30	20	20.05
4	30	21	0
4	30	22	0
4	30	23	0
4	30	24	0
5	1	1	0
5	1	2	0
5	1	3	0
5	1	4	0
5	1	5	0
5	1	6	0
5	1	7	0
5	1	8	0
5	1	9	11.34
5	1	10	20.24
5	1	11	34.57
5	1	12	47.19
5	1	13	52.27
5	1	14	57.62
5	1	15	61.98
5	1	16	62.7
5	1	17	46.28
5	1	18	33.12
5	1	19	13.43
5	1	20	4.17
5	1	21	0
5	1	22	0
5	1	23	0
5	1	24	0
5	2	1	0
5	2	2	0
5	2	3	0
5	2	4	0
5	2	5	0
5	2	6	0
5	2	7	0
5	2	8	3.72
5	2	9	45.64
5	2	10	65.06
5	2	11	89.93
5	2	12	91.65
5	2	13	92.11
5	2	14	89.11
5	2	15	94.1
5	2	16	96.01
5	2	17	95.19
5	2	18	90.74
5	2	19	74.5
5	2	20	21.6
5	2	21	0
5	2	22	0
5	2	23	0
5	2	24	0
5	3	1	0
5	3	2	0
5	3	3	0
5	3	4	0
5	3	5	0
5	3	6	0
5	3	7	0
5	3	8	3.72
5	3	9	31.76
5	3	10	53.18
5	3	11	68.42
5	3	12	72.14
5	3	13	74.41
5	3	14	80.67
5	3	15	86.48
5	3	16	93.47
5	3	17	86.21
5	3	18	73.68
5	3	19	45.19
5	3	20	7.62
5	3	21	0
5	3	22	0
5	3	23	0
5	3	24	0
5	4	1	0
5	4	2	0
5	4	3	0
5	4	4	0
5	4	5	0
5	4	6	0
5	4	7	0
5	4	8	2.99
5	4	9	15.79
5	4	10	41.2
5	4	11	64.43
5	4	12	75.41
5	4	13	80.04
5	4	14	72.69
5	4	15	72.5
5	4	16	55.99
5	4	17	45.28
5	4	18	32.12
5	4	19	36.39
5	4	20	11.8
5	4	21	0
5	4	22	0
5	4	23	0
5	4	24	0
5	5	1	0
5	5	2	0
5	5	3	0
5	5	4	0
5	5	5	0
5	5	6	0
5	5	7	0
5	5	8	5.26
5	5	9	43.47
5	5	10	47.46
5	5	11	56.62
5	5	12	68.87
5	5	13	83.85
5	5	14	88.84
5	5	15	100
5	5	16	100
5	5	17	97.46
5	5	18	92.92
5	5	19	77.13
5	5	20	23.32
5	5	21	0
5	5	22	0
5	5	23	0
5	5	24	0
5	6	1	0
5	6	2	0
5	6	3	0
5	6	4	0
5	6	5	0
5	6	6	0
5	6	7	0
5	6	8	5.44
5	6	9	58.98
5	6	10	75.23
5	6	11	89.2
5	6	12	92.47
5	6	13	93.19
5	6	14	97.91
5	6	15	97.64
5	6	16	97.91
5	6	17	93.1
5	6	18	90.47
5	6	19	75.5
5	6	20	22.14
5	6	21	0
5	6	22	0
5	6	23	0
5	6	24	0
5	7	1	0
5	7	2	0
5	7	3	0
5	7	4	0
5	7	5	0
5	7	6	0
5	7	7	0
5	7	8	9.07
5	7	9	61.34
5	7	10	85.48
5	7	11	91.11
5	7	12	92.11
5	7	13	92.56
5	7	14	95.64
5	7	15	94.83
5	7	16	93.56
5	7	17	89.11
5	7	18	87.57
5	7	19	73.5
5	7	20	21.32
5	7	21	0
5	7	22	0
5	7	23	0
5	7	24	0
5	8	1	0
5	8	2	0
5	8	3	0
5	8	4	0
5	8	5	0
5	8	6	0
5	8	7	0
5	8	8	8.35
5	8	9	56.72
5	8	10	83.03
5	8	11	91.02
5	8	12	92.2
5	8	13	93.56
5	8	14	95.55
5	8	15	97.55
5	8	16	97.1
5	8	17	94.28
5	8	18	88.84
5	8	19	73.59
5	8	20	26.32
5	8	21	0
5	8	22	0
5	8	23	0
5	8	24	0
5	9	1	0
5	9	2	0
5	9	3	0
5	9	4	0
5	9	5	0
5	9	6	0
5	9	7	0
5	9	8	12.43
5	9	9	58.35
5	9	10	79.95
5	9	11	90.11
5	9	12	92.29
5	9	13	93.28
5	9	14	94.83
5	9	15	94.37
5	9	16	93.56
5	9	17	91.29
5	9	18	87.48
5	9	19	64.61
5	9	20	21.42
5	9	21	0
5	9	22	0
5	9	23	0
5	9	24	0
5	10	1	0
5	10	2	0
5	10	3	0
5	10	4	0
5	10	5	0
5	10	6	0
5	10	7	0
5	10	8	5.9
5	10	9	25.59
5	10	10	46.01
5	10	11	55.81
5	10	12	67.7
5	10	13	68.6
5	10	14	72.32
5	10	15	61.71
5	10	16	48.82
5	10	17	24.59
5	10	18	25.41
5	10	19	19.42
5	10	20	7.62
5	10	21	0
5	10	22	0
5	10	23	0
5	10	24	0
5	11	1	0
5	11	2	0
5	11	3	0
5	11	4	0
5	11	5	0
5	11	6	0
5	11	7	0
5	11	8	4.63
5	11	9	30.13
5	11	10	45.19
5	11	11	61.52
5	11	12	66.7
5	11	13	77.77
5	11	14	99.18
5	11	15	100
5	11	16	100
5	11	17	84.21
5	11	18	73.14
5	11	19	50.73
5	11	20	14.61
5	11	21	0
5	11	22	0
5	11	23	0
5	11	24	0
5	12	1	0
5	12	2	0
5	12	3	0
5	12	4	0
5	12	5	0
5	12	6	0
5	12	7	0
5	12	8	9.98
5	12	9	54.26
5	12	10	80.22
5	12	11	86.48
5	12	12	87.39
5	12	13	89.38
5	12	14	88.2
5	12	15	91.11
5	12	16	91.56
5	12	17	73.41
5	12	18	53.54
5	12	19	33.39
5	12	20	17.6
5	12	21	0
5	12	22	0
5	12	23	0
5	12	24	0
5	13	1	0
5	13	2	0
5	13	3	0
5	13	4	0
5	13	5	0
5	13	6	0
5	13	7	0
5	13	8	7.89
5	13	9	51.45
5	13	10	76.5
5	13	11	77.86
5	13	12	84.48
5	13	13	81.13
5	13	14	90.2
5	13	15	94.19
5	13	16	94.37
5	13	17	72.6
5	13	18	75.05
5	13	19	59.44
5	13	20	25.05
5	13	21	0
5	13	22	0
5	13	23	0
5	13	24	0
5	14	1	0
5	14	2	0
5	14	3	0
5	14	4	0
5	14	5	0
5	14	6	0
5	14	7	0
5	14	8	13.7
5	14	9	52.99
5	14	10	79.13
5	14	11	87.57
5	14	12	89.47
5	14	13	89.75
5	14	14	88.48
5	14	15	89.75
5	14	16	89.02
5	14	17	87.21
5	14	18	85.03
5	14	19	71.05
5	14	20	26.23
5	14	21	0
5	14	22	0
5	14	23	0
5	14	24	0
5	15	1	0
5	15	2	0
5	15	3	0
5	15	4	0
5	15	5	0
5	15	6	0
5	15	7	0
5	15	8	7.62
5	15	9	54.08
5	15	10	74.86
5	15	11	86.57
5	15	12	90.38
5	15	13	94.56
5	15	14	92.56
5	15	15	89.93
5	15	16	87.21
5	15	17	85.66
5	15	18	76.32
5	15	19	66.79
5	15	20	25.68
5	15	21	0
5	15	22	0
5	15	23	0
5	15	24	0
5	16	1	0
5	16	2	0
5	16	3	0
5	16	4	0
5	16	5	0
5	16	6	0
5	16	7	0
5	16	8	12.61
5	16	9	51.09
5	16	10	71.23
5	16	11	81.94
5	16	12	85.66
5	16	13	89.38
5	16	14	85.12
5	16	15	85.3
5	16	16	88.84
5	16	17	89.29
5	16	18	81.13
5	16	19	63.7
5	16	20	14.61
5	16	21	0
5	16	22	0
5	16	23	0
5	16	24	0
5	17	1	0
5	17	2	0
5	17	3	0
5	17	4	0
5	17	5	0
5	17	6	0
5	17	7	0
5	17	8	8.89
5	17	9	37.39
5	17	10	55.08
5	17	11	74.77
5	17	12	80.94
5	17	13	78.4
5	17	14	85.57
5	17	15	88.84
5	17	16	87.11
5	17	17	78.13
5	17	18	64.16
5	17	19	46.01
5	17	20	9.8
5	17	21	0
5	17	22	0
5	17	23	0
5	17	24	0
5	18	1	0
5	18	2	0
5	18	3	0
5	18	4	0
5	18	5	0
5	18	6	0
5	18	7	0
5	18	8	13.79
5	18	9	54.72
5	18	10	72.87
5	18	11	87.66
5	18	12	87.11
5	18	13	90.74
5	18	14	92.83
5	18	15	96.91
5	18	16	95.01
5	18	17	93.1
5	18	18	90.02
5	18	19	74.68
5	18	20	27.68
5	18	21	0
5	18	22	0
5	18	23	0
5	18	24	0
5	19	1	0
5	19	2	0
5	19	3	0
5	19	4	0
5	19	5	0
5	19	6	0
5	19	7	0
5	19	8	9.44
5	19	9	59.07
5	19	10	78.77
5	19	11	89.47
5	19	12	91.11
5	19	13	91.74
5	19	14	95.64
5	19	15	93.38
5	19	16	92.47
5	19	17	86.93
5	19	18	84.75
5	19	19	67.42
5	19	20	26.86
5	19	21	0
5	19	22	0
5	19	23	0
5	19	24	0
5	20	1	0
5	20	2	0
5	20	3	0
5	20	4	0
5	20	5	0
5	20	6	0
5	20	7	0
5	20	8	16.15
5	20	9	63.52
5	20	10	82.67
5	20	11	90.74
5	20	12	91.11
5	20	13	93.47
5	20	14	95.83
5	20	15	95.19
5	20	16	95.83
5	20	17	91.47
5	20	18	86.84
5	20	19	73.96
5	20	20	26.95
5	20	21	0
5	20	22	0
5	20	23	0
5	20	24	0
5	21	1	0
5	21	2	0
5	21	3	0
5	21	4	0
5	21	5	0
5	21	6	0
5	21	7	0
5	21	8	11.16
5	21	9	53.81
5	21	10	71.51
5	21	11	76.68
5	21	12	76.95
5	21	13	78.22
5	21	14	79.58
5	21	15	80.4
5	21	16	79.58
5	21	17	77.95
5	21	18	74.95
5	21	19	64.79
5	21	20	25.77
5	21	21	0
5	21	22	0
5	21	23	0
5	21	24	0
5	22	1	0
5	22	2	0
5	22	3	0
5	22	4	0
5	22	5	0
5	22	6	0
5	22	7	0
5	22	8	0
5	22	9	6.17
5	22	10	9.35
5	22	11	15.43
5	22	12	19.69
5	22	13	27.31
5	22	14	60.44
5	22	15	78.95
5	22	16	98.46
5	22	17	90.74
5	22	18	78.86
5	22	19	54.17
5	22	20	21.05
5	22	21	0
5	22	22	0
5	22	23	0
5	22	24	0
5	23	1	0
5	23	2	0
5	23	3	0
5	23	4	0
5	23	5	0
5	23	6	0
5	23	7	0
5	23	8	3.99
5	23	9	20.42
5	23	10	32.67
5	23	11	31.49
5	23	12	46.1
5	23	13	53.36
5	23	14	49.27
5	23	15	55.99
5	23	16	47.91
5	23	17	45.1
5	23	18	30.4
5	23	19	30.94
5	23	20	18.24
5	23	21	0
5	23	22	0
5	23	23	0
5	23	24	0
5	24	1	0
5	24	2	0
5	24	3	0
5	24	4	0
5	24	5	0
5	24	6	0
5	24	7	0
5	24	8	10.71
5	24	9	49.36
5	24	10	76.23
5	24	11	83.94
5	24	12	87.84
5	24	13	84.12
5	24	14	72.41
5	24	15	61.16
5	24	16	42.65
5	24	17	55.17
5	24	18	63.88
5	24	19	53.72
5	24	20	19.87
5	24	21	0
5	24	22	0
5	24	23	0
5	24	24	0
5	25	1	0
5	25	2	0
5	25	3	0
5	25	4	0
5	25	5	0
5	25	6	0
5	25	7	0
5	25	8	15.25
5	25	9	56.35
5	25	10	74.23
5	25	11	79.76
5	25	12	72.96
5	25	13	76.13
5	25	14	82.21
5	25	15	88.66
5	25	16	90.02
5	25	17	86.12
5	25	18	81.4
5	25	19	69.6
5	25	20	28.31
5	25	21	0
5	25	22	0
5	25	23	0
5	25	24	0
5	26	1	0
5	26	2	0
5	26	3	0
5	26	4	0
5	26	5	0
5	26	6	0
5	26	7	0
5	26	8	15.43
5	26	9	62.34
5	26	10	84.94
5	26	11	89.02
5	26	12	90.02
5	26	13	92.83
5	26	14	92.74
5	26	15	95.55
5	26	16	93.19
5	26	17	89.02
5	26	18	84.57
5	26	19	72.87
5	26	20	28.49
5	26	21	0
5	26	22	0
5	26	23	0
5	26	24	0
5	27	1	0
5	27	2	0
5	27	3	0
5	27	4	0
5	27	5	0
5	27	6	0
5	27	7	0
5	27	8	14.61
5	27	9	56.9
5	27	10	80.31
5	27	11	88.2
5	27	12	89.93
5	27	13	90.65
5	27	14	92.47
5	27	15	94.19
5	27	16	94.19
5	27	17	83.85
5	27	18	81.4
5	27	19	65.52
5	27	20	32.58
5	27	21	0
5	27	22	0
5	27	23	0
5	27	24	0
5	28	1	0
5	28	2	0
5	28	3	0
5	28	4	0
5	28	5	0
5	28	6	0
5	28	7	0
5	28	8	17.7
5	28	9	60.16
5	28	10	82.21
5	28	11	87.3
5	28	12	87.48
5	28	13	84.48
5	28	14	83.58
5	28	15	86.03
5	28	16	76.59
5	28	17	69.6
5	28	18	39.02
5	28	19	24.86
5	28	20	12.7
5	28	21	0
5	28	22	0
5	28	23	0
5	28	24	0
5	29	1	0
5	29	2	0
5	29	3	0
5	29	4	0
5	29	5	0
5	29	6	0
5	29	7	0
5	29	8	16.61
5	29	9	56.72
5	29	10	80.94
5	29	11	88.29
5	29	12	88.48
5	29	13	90.65
5	29	14	92.74
5	29	15	91.83
5	29	16	89.93
5	29	17	86.03
5	29	18	80.85
5	29	19	65.52
5	29	20	25.77
5	29	21	0
5	29	22	0
5	29	23	0
5	29	24	0
5	30	1	0
5	30	2	0
5	30	3	0
5	30	4	0
5	30	5	0
5	30	6	0
5	30	7	0
5	30	8	19.24
5	30	9	58.53
5	30	10	82.85
5	30	11	87.75
5	30	12	89.38
5	30	13	87.84
5	30	14	89.93
5	30	15	91.2
5	30	16	91.92
5	30	17	88.84
5	30	18	76.59
5	30	19	68.51
5	30	20	27.31
5	30	21	0
5	30	22	0
5	30	23	0
5	30	24	0
5	31	1	0
5	31	2	0
5	31	3	0
5	31	4	0
5	31	5	0
5	31	6	0
5	31	7	0
5	31	8	10.71
5	31	9	31.76
5	31	10	43.47
5	31	11	72.32
5	31	12	80.04
5	31	13	83.12
5	31	14	86.57
5	31	15	86.66
5	31	16	82.94
5	31	17	71.05
5	31	18	47.91
5	31	19	32.58
5	31	20	10.53
5	31	21	0
5	31	22	0
5	31	23	0
5	31	24	0
6	1	1	0
6	1	2	0
6	1	3	0
6	1	4	0
6	1	5	0
6	1	6	0
6	1	7	0
6	1	8	8.71
6	1	9	38.02
6	1	10	55.72
6	1	11	66.79
6	1	12	79.67
6	1	13	86.12
6	1	14	85.48
6	1	15	88.2
6	1	16	90.65
6	1	17	63.34
6	1	18	41.47
6	1	19	26.32
6	1	20	5.63
6	1	21	0
6	1	22	0
6	1	23	0
6	1	24	0
6	2	1	0
6	2	2	0
6	2	3	0
6	2	4	0
6	2	5	0
6	2	6	0
6	2	7	0
6	2	8	0
6	2	9	9.71
6	2	10	14.25
6	2	11	29.4
6	2	12	25.59
6	2	13	31.94
6	2	14	42.92
6	2	15	48.82
6	2	16	50.64
6	2	17	61.16
6	2	18	53.45
6	2	19	42.56
6	2	20	22.78
6	2	21	0
6	2	22	0
6	2	23	0
6	2	24	0
6	3	1	0
6	3	2	0
6	3	3	0
6	3	4	0
6	3	5	0
6	3	6	0
6	3	7	0
6	3	8	14.07
6	3	9	53.81
6	3	10	71.78
6	3	11	84.39
6	3	12	84.3
6	3	13	86.3
6	3	14	86.66
6	3	15	85.93
6	3	16	79.22
6	3	17	67.06
6	3	18	58.08
6	3	19	45.46
6	3	20	15.7
6	3	21	0
6	3	22	0
6	3	23	0
6	3	24	0
6	4	1	0
6	4	2	0
6	4	3	0
6	4	4	0
6	4	5	0
6	4	6	0
6	4	7	0
6	4	8	13.25
6	4	9	55.35
6	4	10	78.86
6	4	11	86.93
6	4	12	88.11
6	4	13	88.29
6	4	14	77.77
6	4	15	77.77
6	4	16	76.32
6	4	17	69.96
6	4	18	79.31
6	4	19	58.53
6	4	20	30.76
6	4	21	2.99
6	4	22	0
6	4	23	0
6	4	24	0
6	5	1	0
6	5	2	0
6	5	3	0
6	5	4	0
6	5	5	0
6	5	6	0
6	5	7	0
6	5	8	15.15
6	5	9	55.08
6	5	10	80.13
6	5	11	86.48
6	5	12	88.57
6	5	13	91.83
6	5	14	92.74
6	5	15	95.01
6	5	16	93.38
6	5	17	90.83
6	5	18	87.57
6	5	19	76.04
6	5	20	34.48
6	5	21	0
6	5	22	0
6	5	23	0
6	5	24	0
6	6	1	0
6	6	2	0
6	6	3	0
6	6	4	0
6	6	5	0
6	6	6	0
6	6	7	0
6	6	8	11.8
6	6	9	57.71
6	6	10	78.31
6	6	11	88.84
6	6	12	89.38
6	6	13	93.01
6	6	14	94.65
6	6	15	93.92
6	6	16	92.01
6	6	17	86.75
6	6	18	81.4
6	6	19	66.33
6	6	20	27.31
6	6	21	2.54
6	6	22	0
6	6	23	0
6	6	24	0
6	7	1	0
6	7	2	0
6	7	3	0
6	7	4	0
6	7	5	0
6	7	6	0
6	7	7	0
6	7	8	13.97
6	7	9	64.43
6	7	10	83.21
6	7	11	92.56
6	7	12	92.2
6	7	13	93.83
6	7	14	92.74
6	7	15	93.74
6	7	16	87.84
6	7	17	78.13
6	7	18	69.33
6	7	19	39.56
6	7	20	9.98
6	7	21	0
6	7	22	0
6	7	23	0
6	7	24	0
6	8	1	0
6	8	2	0
6	8	3	0
6	8	4	0
6	8	5	0
6	8	6	0
6	8	7	0
6	8	8	12.16
6	8	9	62.25
6	8	10	83.76
6	8	11	90.29
6	8	12	91.38
6	8	13	90.74
6	8	14	85.39
6	8	15	84.75
6	8	16	80.13
6	8	17	73.32
6	8	18	38.11
6	8	19	20.15
6	8	20	2.99
6	8	21	0
6	8	22	0
6	8	23	0
6	8	24	0
6	9	1	0
6	9	2	0
6	9	3	0
6	9	4	0
6	9	5	0
6	9	6	0
6	9	7	0
6	9	8	10.89
6	9	9	53.9
6	9	10	67.33
6	9	11	75.95
6	9	12	83.3
6	9	13	90.47
6	9	14	91.2
6	9	15	94.83
6	9	16	94.01
6	9	17	85.66
6	9	18	83.94
6	9	19	73.5
6	9	20	33.85
6	9	21	3.45
6	9	22	0
6	9	23	0
6	9	24	0
6	10	1	0
6	10	2	0
6	10	3	0
6	10	4	0
6	10	5	0
6	10	6	0
6	10	7	0
6	10	8	15.06
6	10	9	61.62
6	10	10	83.76
6	10	11	91.47
6	10	12	91.65
6	10	13	92.29
6	10	14	92.56
6	10	15	93.74
6	10	16	91.56
6	10	17	81.94
6	10	18	80.49
6	10	19	64.97
6	10	20	35.75
6	10	21	3.72
6	10	22	0
6	10	23	0
6	10	24	0
6	11	1	0
6	11	2	0
6	11	3	0
6	11	4	0
6	11	5	0
6	11	6	0
6	11	7	0
6	11	8	11.98
6	11	9	64.16
6	11	10	85.3
6	11	11	91.65
6	11	12	92.29
6	11	13	92.83
6	11	14	94.28
6	11	15	93.74
6	11	16	92.47
6	11	17	88.38
6	11	18	85.84
6	11	19	74.86
6	11	20	37.02
6	11	21	3.54
6	11	22	0
6	11	23	0
6	11	24	0
6	12	1	0
6	12	2	0
6	12	3	0
6	12	4	0
6	12	5	0
6	12	6	0
6	12	7	0
6	12	8	12.89
6	12	9	64.97
6	12	10	84.66
6	12	11	91.65
6	12	12	92.83
6	12	13	92.65
6	12	14	94.01
6	12	15	92.92
6	12	16	93.01
6	12	17	84.94
6	12	18	84.57
6	12	19	75.14
6	12	20	36.93
6	12	21	4.26
6	12	22	0
6	12	23	0
6	12	24	0
6	13	1	0
6	13	2	0
6	13	3	0
6	13	4	0
6	13	5	0
6	13	6	0
6	13	7	0
6	13	8	14.07
6	13	9	66.7
6	13	10	85.21
6	13	11	91.74
6	13	12	93.28
6	13	13	93.38
6	13	14	93.19
6	13	15	92.29
6	13	16	90.93
6	13	17	87.84
6	13	18	84.75
6	13	19	75.5
6	13	20	36.21
6	13	21	3.63
6	13	22	0
6	13	23	0
6	13	24	0
6	14	1	0
6	14	2	0
6	14	3	0
6	14	4	0
6	14	5	0
6	14	6	0
6	14	7	0
6	14	8	10.89
6	14	9	58.44
6	14	10	82.12
6	14	11	90.47
6	14	12	91.29
6	14	13	92.2
6	14	14	91.11
6	14	15	90.83
6	14	16	89.84
6	14	17	72.41
6	14	18	68.06
6	14	19	57.8
6	14	20	27.77
6	14	21	2.54
6	14	22	0
6	14	23	0
6	14	24	0
6	15	1	0
6	15	2	0
6	15	3	0
6	15	4	0
6	15	5	0
6	15	6	0
6	15	7	0
6	15	8	12.43
6	15	9	56.99
6	15	10	80.94
6	15	11	90.65
6	15	12	91.38
6	15	13	91.11
6	15	14	91.47
6	15	15	90.74
6	15	16	91.56
6	15	17	76.77
6	15	18	74.14
6	15	19	62.52
6	15	20	31.85
6	15	21	3.27
6	15	22	0
6	15	23	0
6	15	24	0
6	16	1	0
6	16	2	0
6	16	3	0
6	16	4	0
6	16	5	0
6	16	6	0
6	16	7	0
6	16	8	11.89
6	16	9	60.89
6	16	10	82.12
6	16	11	90.83
6	16	12	91.56
6	16	13	91.74
6	16	14	92.01
6	16	15	88.93
6	16	16	92.38
6	16	17	88.2
6	16	18	85.3
6	16	19	71.32
6	16	20	35.75
6	16	21	2.99
6	16	22	0
6	16	23	0
6	16	24	0
6	17	1	0
6	17	2	0
6	17	3	0
6	17	4	0
6	17	5	0
6	17	6	0
6	17	7	0
6	17	8	13.16
6	17	9	65.97
6	17	10	84.03
6	17	11	91.83
6	17	12	93.28
6	17	13	93.19
6	17	14	93.38
6	17	15	95.19
6	17	16	94.28
6	17	17	89.84
6	17	18	86.66
6	17	19	74.32
6	17	20	36.39
6	17	21	3.45
6	17	22	0
6	17	23	0
6	17	24	0
6	18	1	0
6	18	2	0
6	18	3	0
6	18	4	0
6	18	5	0
6	18	6	0
6	18	7	0
6	18	8	13.79
6	18	9	62.07
6	18	10	83.03
6	18	11	92.01
6	18	12	90.65
6	18	13	92.11
6	18	14	91.74
6	18	15	90.38
6	18	16	91.29
6	18	17	85.75
6	18	18	85.12
6	18	19	74.41
6	18	20	36.48
6	18	21	4.17
6	18	22	0
6	18	23	0
6	18	24	0
6	19	1	0
6	19	2	0
6	19	3	0
6	19	4	0
6	19	5	0
6	19	6	0
6	19	7	0
6	19	8	11.25
6	19	9	62.25
6	19	10	82.94
6	19	11	87.93
6	19	12	87.39
6	19	13	86.03
6	19	14	89.38
6	19	15	89.75
6	19	16	87.3
6	19	17	76.13
6	19	18	75.77
6	19	19	60.71
6	19	20	33.76
6	19	21	3.63
6	19	22	0
6	19	23	0
6	19	24	0
6	20	1	0
6	20	2	0
6	20	3	0
6	20	4	0
6	20	5	0
6	20	6	0
6	20	7	0
6	20	8	12.52
6	20	9	59.62
6	20	10	81.94
6	20	11	90.74
6	20	12	90.38
6	20	13	88.66
6	20	14	86.57
6	20	15	86.39
6	20	16	90.02
6	20	17	82.49
6	20	18	77.13
6	20	19	66.97
6	20	20	34.21
6	20	21	2.72
6	20	22	0
6	20	23	0
6	20	24	0
6	21	1	0
6	21	2	0
6	21	3	0
6	21	4	0
6	21	5	0
6	21	6	0
6	21	7	0
6	21	8	12.16
6	21	9	64.07
6	21	10	80.04
6	21	11	87.3
6	21	12	90.47
6	21	13	90.47
6	21	14	94.37
6	21	15	94.46
6	21	16	93.19
6	21	17	87.21
6	21	18	84.39
6	21	19	72.96
6	21	20	34.48
6	21	21	3.09
6	21	22	0
6	21	23	0
6	21	24	0
6	22	1	0
6	22	2	0
6	22	3	0
6	22	4	0
6	22	5	0
6	22	6	0
6	22	7	0
6	22	8	11.16
6	22	9	60.25
6	22	10	83.03
6	22	11	90.47
6	22	12	91.74
6	22	13	90.02
6	22	14	90.74
6	22	15	86.75
6	22	16	88.38
6	22	17	79.76
6	22	18	64.7
6	22	19	62.25
6	22	20	24.14
6	22	21	3.18
6	22	22	0
6	22	23	0
6	22	24	0
6	23	1	0
6	23	2	0
6	23	3	0
6	23	4	0
6	23	5	0
6	23	6	0
6	23	7	0
6	23	8	8.98
6	23	9	47.91
6	23	10	77.4
6	23	11	88.2
6	23	12	94.01
6	23	13	91.02
6	23	14	93.1
6	23	15	90.56
6	23	16	89.84
6	23	17	81.85
6	23	18	74.95
6	23	19	66.61
6	23	20	33.48
6	23	21	2.9
6	23	22	0
6	23	23	0
6	23	24	0
6	24	1	0
6	24	2	0
6	24	3	0
6	24	4	0
6	24	5	0
6	24	6	0
6	24	7	0
6	24	8	9.8
6	24	9	48.91
6	24	10	79.85
6	24	11	91.2
6	24	12	96.19
6	24	13	94.1
6	24	14	93.47
6	24	15	93.19
6	24	16	91.29
6	24	17	80.04
6	24	18	73.77
6	24	19	67.42
6	24	20	34.3
6	24	21	3.9
6	24	22	0
6	24	23	0
6	24	24	0
6	25	1	0
6	25	2	0
6	25	3	0
6	25	4	0
6	25	5	0
6	25	6	0
6	25	7	0
6	25	8	8.89
6	25	9	49
6	25	10	80.22
6	25	11	90.11
6	25	12	96.37
6	25	13	93.65
6	25	14	95.46
6	25	15	92.29
6	25	16	90.29
6	25	17	79.95
6	25	18	74.05
6	25	19	68.51
6	25	20	35.21
6	25	21	4.54
6	25	22	0
6	25	23	0
6	25	24	0
6	26	1	0
6	26	2	0
6	26	3	0
6	26	4	0
6	26	5	0
6	26	6	0
6	26	7	0
6	26	8	8.53
6	26	9	45.28
6	26	10	78.49
6	26	11	87.75
6	26	12	90.11
6	26	13	89.84
6	26	14	88.38
6	26	15	83.67
6	26	16	72.41
6	26	17	64.61
6	26	18	67.15
6	26	19	67.24
6	26	20	33.58
6	26	21	4.26
6	26	22	0
6	26	23	0
6	26	24	0
6	27	1	0
6	27	2	0
6	27	3	0
6	27	4	0
6	27	5	0
6	27	6	0
6	27	7	0
6	27	8	6.62
6	27	9	40.02
6	27	10	76.04
6	27	11	85.03
6	27	12	87.48
6	27	13	77.4
6	27	14	61.8
6	27	15	55.08
6	27	16	50.91
6	27	17	39.29
6	27	18	34.48
6	27	19	37.11
6	27	20	22.78
6	27	21	0
6	27	22	0
6	27	23	0
6	27	24	0
6	28	1	0
6	28	2	0
6	28	3	0
6	28	4	0
6	28	5	0
6	28	6	0
6	28	7	0
6	28	8	6.08
6	28	9	38.2
6	28	10	69.42
6	28	11	80.13
6	28	12	86.48
6	28	13	87.21
6	28	14	85.57
6	28	15	83.67
6	28	16	78.95
6	28	17	68.78
6	28	18	62.43
6	28	19	53.54
6	28	20	21.69
6	28	21	2.63
6	28	22	0
6	28	23	0
6	28	24	0
6	29	1	0
6	29	2	0
6	29	3	0
6	29	4	0
6	29	5	0
6	29	6	0
6	29	7	0
6	29	8	7.17
6	29	9	44.56
6	29	10	75.14
6	29	11	80.67
6	29	12	90.11
6	29	13	87.93
6	29	14	79.85
6	29	15	73.68
6	29	16	71.32
6	29	17	57.35
6	29	18	48.09
6	29	19	45.19
6	29	20	23.77
6	29	21	3.54
6	29	22	0
6	29	23	0
6	29	24	0
6	30	1	0
6	30	2	0
6	30	3	0
6	30	4	0
6	30	5	0
6	30	6	0
6	30	7	0
6	30	8	6.99
6	30	9	40.56
6	30	10	69.24
6	30	11	76.41
6	30	12	78.95
6	30	13	77.5
6	30	14	71.87
6	30	15	70.15
6	30	16	65.88
6	30	17	57.44
6	30	18	59.8
6	30	19	50.73
6	30	20	17.88
6	30	21	0
6	30	22	0
6	30	23	0
6	30	24	0
7	1	1	0
7	1	2	0
7	1	3	0
7	1	4	0
7	1	5	0
7	1	6	0
7	1	7	0
7	1	8	6.44
7	1	9	39.56
7	1	10	69.42
7	1	11	74.68
7	1	12	72.6
7	1	13	72.14
7	1	14	70.05
7	1	15	71.14
7	1	16	69.33
7	1	17	59.71
7	1	18	50.45
7	1	19	45.01
7	1	20	26.86
7	1	21	2.36
7	1	22	0
7	1	23	0
7	1	24	0
7	2	1	0
7	2	2	0
7	2	3	0
7	2	4	0
7	2	5	0
7	2	6	0
7	2	7	0
7	2	8	6.44
7	2	9	45.37
7	2	10	82.3
7	2	11	89.47
7	2	12	91.92
7	2	13	91.29
7	2	14	80.85
7	2	15	78.95
7	2	16	68.24
7	2	17	55.99
7	2	18	54.36
7	2	19	61.52
7	2	20	23.32
7	2	21	0
7	2	22	0
7	2	23	0
7	2	24	0
7	3	1	0
7	3	2	0
7	3	3	0
7	3	4	0
7	3	5	0
7	3	6	0
7	3	7	0
7	3	8	7.26
7	3	9	44.1
7	3	10	67.88
7	3	11	78.86
7	3	12	81.94
7	3	13	82.03
7	3	14	85.93
7	3	15	82.76
7	3	16	84.94
7	3	17	74.77
7	3	18	76.41
7	3	19	61.16
7	3	20	35.93
7	3	21	3.99
7	3	22	0
7	3	23	0
7	3	24	0
7	4	1	0
7	4	2	0
7	4	3	0
7	4	4	0
7	4	5	0
7	4	6	0
7	4	7	0
7	4	8	7.35
7	4	9	47.28
7	4	10	79.04
7	4	11	87.39
7	4	12	90.65
7	4	13	92.38
7	4	14	86.21
7	4	15	86.12
7	4	16	87.39
7	4	17	82.3
7	4	18	74.77
7	4	19	63.7
7	4	20	30.4
7	4	21	2.99
7	4	22	0
7	4	23	0
7	4	24	0
7	5	1	0
7	5	2	0
7	5	3	0
7	5	4	0
7	5	5	0
7	5	6	0
7	5	7	0
7	5	8	5.44
7	5	9	48.28
7	5	10	82.12
7	5	11	87.21
7	5	12	89.11
7	5	13	84.57
7	5	14	72.41
7	5	15	78.4
7	5	16	81.22
7	5	17	61.43
7	5	18	55.44
7	5	19	54.36
7	5	20	23.41
7	5	21	1.09
7	5	22	0
7	5	23	0
7	5	24	0
7	6	1	0
7	6	2	0
7	6	3	0
7	6	4	0
7	6	5	0
7	6	6	0
7	6	7	0
7	6	8	6.26
7	6	9	41.83
7	6	10	75.23
7	6	11	86.3
7	6	12	90.93
7	6	13	89.56
7	6	14	88.75
7	6	15	88.75
7	6	16	85.39
7	6	17	77.68
7	6	18	70.51
7	6	19	56.81
7	6	20	30.58
7	6	21	4.08
7	6	22	0
7	6	23	0
7	6	24	0
7	7	1	0
7	7	2	0
7	7	3	0
7	7	4	0
7	7	5	0
7	7	6	0
7	7	7	0
7	7	8	6.26
7	7	9	47.19
7	7	10	79.4
7	7	11	86.75
7	7	12	92.83
7	7	13	91.56
7	7	14	93.56
7	7	15	92.47
7	7	16	90.83
7	7	17	85.66
7	7	18	75.5
7	7	19	66.88
7	7	20	35.66
7	7	21	4.08
7	7	22	0
7	7	23	0
7	7	24	0
7	8	1	0
7	8	2	0
7	8	3	0
7	8	4	0
7	8	5	0
7	8	6	0
7	8	7	0
7	8	8	7.17
7	8	9	47.73
7	8	10	80.4
7	8	11	87.84
7	8	12	92.74
7	8	13	93.56
7	8	14	90.29
7	8	15	90.56
7	8	16	87.21
7	8	17	87.66
7	8	18	76.04
7	8	19	65.79
7	8	20	29.58
7	8	21	3.81
7	8	22	0
7	8	23	0
7	8	24	0
7	9	1	0
7	9	2	0
7	9	3	0
7	9	4	0
7	9	5	0
7	9	6	0
7	9	7	0
7	9	8	5.44
7	9	9	45.46
7	9	10	79.49
7	9	11	86.12
7	9	12	91.65
7	9	13	78.31
7	9	14	74.23
7	9	15	76.68
7	9	16	79.58
7	9	17	65.34
7	9	18	22.23
7	9	19	9.26
7	9	20	7.44
7	9	21	0
7	9	22	0
7	9	23	0
7	9	24	0
7	10	1	0
7	10	2	0
7	10	3	0
7	10	4	0
7	10	5	0
7	10	6	0
7	10	7	0
7	10	8	5.26
7	10	9	45.1
7	10	10	77.5
7	10	11	85.03
7	10	12	88.66
7	10	13	90.02
7	10	14	81.49
7	10	15	80.58
7	10	16	62.61
7	10	17	61.34
7	10	18	64.07
7	10	19	60.44
7	10	20	28.04
7	10	21	2.72
7	10	22	0
7	10	23	0
7	10	24	0
7	11	1	0
7	11	2	0
7	11	3	0
7	11	4	0
7	11	5	0
7	11	6	0
7	11	7	0
7	11	8	4.9
7	11	9	45.46
7	11	10	79.76
7	11	11	87.57
7	11	12	91.02
7	11	13	92.47
7	11	14	91.56
7	11	15	88.93
7	11	16	84.21
7	11	17	83.21
7	11	18	71.14
7	11	19	63.07
7	11	20	29.13
7	11	21	1.72
7	11	22	0
7	11	23	0
7	11	24	0
7	12	1	0
7	12	2	0
7	12	3	0
7	12	4	0
7	12	5	0
7	12	6	0
7	12	7	0
7	12	8	4.99
7	12	9	48.28
7	12	10	80.85
7	12	11	84.57
7	12	12	87.3
7	12	13	90.93
7	12	14	86.12
7	12	15	83.48
7	12	16	81.13
7	12	17	69.51
7	12	18	52.63
7	12	19	37.39
7	12	20	15.97
7	12	21	0
7	12	22	0
7	12	23	0
7	12	24	0
7	13	1	0
7	13	2	0
7	13	3	0
7	13	4	0
7	13	5	0
7	13	6	0
7	13	7	0
7	13	8	3.99
7	13	9	37.21
7	13	10	71.05
7	13	11	75.86
7	13	12	77.59
7	13	13	80.13
7	13	14	75.23
7	13	15	70.78
7	13	16	62.34
7	13	17	48.46
7	13	18	38.93
7	13	19	20.51
7	13	20	7.17
7	13	21	2.99
7	13	22	0
7	13	23	0
7	13	24	0
7	14	1	0
7	14	2	0
7	14	3	0
7	14	4	0
7	14	5	0
7	14	6	0
7	14	7	0
7	14	8	4.08
7	14	9	42.92
7	14	10	78.86
7	14	11	85.3
7	14	12	89.75
7	14	13	91.29
7	14	14	86.3
7	14	15	83.67
7	14	16	82.94
7	14	17	80.58
7	14	18	56.53
7	14	19	48.64
7	14	20	11.16
7	14	21	0
7	14	22	0
7	14	23	0
7	14	24	0
7	15	1	0
7	15	2	0
7	15	3	0
7	15	4	0
7	15	5	0
7	15	6	0
7	15	7	0
7	15	8	4.9
7	15	9	43.28
7	15	10	76.68
7	15	11	86.84
7	15	12	87.48
7	15	13	92.29
7	15	14	94.28
7	15	15	92.2
7	15	16	89.2
7	15	17	89.29
7	15	18	75.05
7	15	19	68.97
7	15	20	35.21
7	15	21	4.72
7	15	22	0
7	15	23	0
7	15	24	0
7	16	1	0
7	16	2	0
7	16	3	0
7	16	4	0
7	16	5	0
7	16	6	0
7	16	7	0
7	16	8	4.99
7	16	9	43.83
7	16	10	79.76
7	16	11	86.39
7	16	12	91.2
7	16	13	92.38
7	16	14	92.01
7	16	15	79.13
7	16	16	81.22
7	16	17	85.12
7	16	18	70.51
7	16	19	57.62
7	16	20	33.85
7	16	21	4.54
7	16	22	0
7	16	23	0
7	16	24	0
7	17	1	0
7	17	2	0
7	17	3	0
7	17	4	0
7	17	5	0
7	17	6	0
7	17	7	0
7	17	8	3.81
7	17	9	45.55
7	17	10	79.58
7	17	11	87.66
7	17	12	91.83
7	17	13	91.83
7	17	14	92.01
7	17	15	90.56
7	17	16	89.29
7	17	17	88.93
7	17	18	80.94
7	17	19	66.61
7	17	20	26.32
7	17	21	2.81
7	17	22	0
7	17	23	0
7	17	24	0
7	18	1	0
7	18	2	0
7	18	3	0
7	18	4	0
7	18	5	0
7	18	6	0
7	18	7	0
7	18	8	3.63
7	18	9	44.56
7	18	10	79.67
7	18	11	86.75
7	18	12	90.74
7	18	13	91.92
7	18	14	90.83
7	18	15	89.38
7	18	16	82.21
7	18	17	84.39
7	18	18	78.58
7	18	19	67.42
7	18	20	35.03
7	18	21	4.63
7	18	22	0
7	18	23	0
7	18	24	0
7	19	1	0
7	19	2	0
7	19	3	0
7	19	4	0
7	19	5	0
7	19	6	0
7	19	7	0
7	19	8	3.45
7	19	9	46.55
7	19	10	79.4
7	19	11	86.57
7	19	12	91.29
7	19	13	92.29
7	19	14	93.1
7	19	15	90.2
7	19	16	86.3
7	19	17	81.67
7	19	18	72.05
7	19	19	59.07
7	19	20	31.94
7	19	21	4.26
7	19	22	0
7	19	23	0
7	19	24	0
7	20	1	0
7	20	2	0
7	20	3	0
7	20	4	0
7	20	5	0
7	20	6	0
7	20	7	0
7	20	8	3.45
7	20	9	40.47
7	20	10	68.06
7	20	11	78.68
7	20	12	83.94
7	20	13	85.66
7	20	14	80.49
7	20	15	75.05
7	20	16	74.05
7	20	17	72.05
7	20	18	61.89
7	20	19	51.09
7	20	20	28.77
7	20	21	4.17
7	20	22	0
7	20	23	0
7	20	24	0
7	21	1	0
7	21	2	0
7	21	3	0
7	21	4	0
7	21	5	0
7	21	6	0
7	21	7	0
7	21	8	0
7	21	9	30.85
7	21	10	59.44
7	21	11	70.6
7	21	12	85.66
7	21	13	76.59
7	21	14	64.43
7	21	15	53.72
7	21	16	43.56
7	21	17	69.15
7	21	18	56.17
7	21	19	44.28
7	21	20	15.7
7	21	21	0
7	21	22	0
7	21	23	0
7	21	24	0
7	22	1	0
7	22	2	0
7	22	3	0
7	22	4	0
7	22	5	0
7	22	6	0
7	22	7	0
7	22	8	4.08
7	22	9	39.11
7	22	10	62.61
7	22	11	72.05
7	22	12	77.04
7	22	13	79.04
7	22	14	80.85
7	22	15	80.58
7	22	16	87.75
7	22	17	82.21
7	22	18	69.6
7	22	19	61.71
7	22	20	34.12
7	22	21	3.36
7	22	22	0
7	22	23	0
7	22	24	0
7	23	1	0
7	23	2	0
7	23	3	0
7	23	4	0
7	23	5	0
7	23	6	0
7	23	7	0
7	23	8	3.54
7	23	9	38.75
7	23	10	75.77
7	23	11	84.3
7	23	12	88.2
7	23	13	89.02
7	23	14	91.2
7	23	15	88.11
7	23	16	87.11
7	23	17	89.47
7	23	18	84.75
7	23	19	69.6
7	23	20	34.3
7	23	21	3.27
7	23	22	0
7	23	23	0
7	23	24	0
7	24	1	0
7	24	2	0
7	24	3	0
7	24	4	0
7	24	5	0
7	24	6	0
7	24	7	0
7	24	8	3.9
7	24	9	36.03
7	24	10	67.7
7	24	11	82.49
7	24	12	88.02
7	24	13	88.38
7	24	14	90.29
7	24	15	84.94
7	24	16	84.85
7	24	17	86.12
7	24	18	80.67
7	24	19	62.7
7	24	20	36.03
7	24	21	2.72
7	24	22	0
7	24	23	0
7	24	24	0
7	25	1	0
7	25	2	0
7	25	3	0
7	25	4	0
7	25	5	0
7	25	6	0
7	25	7	0
7	25	8	2.99
7	25	9	36.48
7	25	10	75.86
7	25	11	84.03
7	25	12	88.2
7	25	13	88.38
7	25	14	86.66
7	25	15	82.85
7	25	16	82.67
7	25	17	87.39
7	25	18	81.58
7	25	19	64.88
7	25	20	33.58
7	25	21	4.54
7	25	22	0
7	25	23	0
7	25	24	0
7	26	1	0
7	26	2	0
7	26	3	0
7	26	4	0
7	26	5	0
7	26	6	0
7	26	7	0
7	26	8	3.36
7	26	9	38.38
7	26	10	71.6
7	26	11	82.76
7	26	12	86.84
7	26	13	87.57
7	26	14	87.84
7	26	15	82.3
7	26	16	75.68
7	26	17	80.67
7	26	18	71.42
7	26	19	61.98
7	26	20	29.31
7	26	21	3.09
7	26	22	0
7	26	23	0
7	26	24	0
7	27	1	0
7	27	2	0
7	27	3	0
7	27	4	0
7	27	5	0
7	27	6	0
7	27	7	0
7	27	8	3.36
7	27	9	39.29
7	27	10	74.41
7	27	11	82.12
7	27	12	87.57
7	27	13	88.84
7	27	14	90.29
7	27	15	87.75
7	27	16	86.21
7	27	17	84.94
7	27	18	80.76
7	27	19	66.79
7	27	20	33.85
7	27	21	3.27
7	27	22	0
7	27	23	0
7	27	24	0
7	28	1	0
7	28	2	0
7	28	3	0
7	28	4	0
7	28	5	0
7	28	6	0
7	28	7	0
7	28	8	0
7	28	9	39.02
7	28	10	74.32
7	28	11	82.21
7	28	12	86.3
7	28	13	87.93
7	28	14	88.2
7	28	15	81.76
7	28	16	78.95
7	28	17	81.58
7	28	18	75.68
7	28	19	63.97
7	28	20	34.39
7	28	21	3.36
7	28	22	0
7	28	23	0
7	28	24	0
7	29	1	0
7	29	2	0
7	29	3	0
7	29	4	0
7	29	5	0
7	29	6	0
7	29	7	0
7	29	8	0
7	29	9	38.84
7	29	10	73.68
7	29	11	82.3
7	29	12	84.75
7	29	13	82.21
7	29	14	81.03
7	29	15	78.04
7	29	16	83.39
7	29	17	84.03
7	29	18	79.31
7	29	19	63.52
7	29	20	26.23
7	29	21	0
7	29	22	0
7	29	23	0
7	29	24	0
7	30	1	0
7	30	2	0
7	30	3	0
7	30	4	0
7	30	5	0
7	30	6	0
7	30	7	0
7	30	8	0
7	30	9	38.02
7	30	10	74.05
7	30	11	82.21
7	30	12	87.3
7	30	13	88.38
7	30	14	88.02
7	30	15	87.21
7	30	16	84.57
7	30	17	87.3
7	30	18	80.76
7	30	19	66.61
7	30	20	32.67
7	30	21	2.9
7	30	22	0
7	30	23	0
7	30	24	0
7	31	1	0
7	31	2	0
7	31	3	0
7	31	4	0
7	31	5	0
7	31	6	0
7	31	7	0
7	31	8	0
7	31	9	32.3
7	31	10	67.79
7	31	11	81.94
7	31	12	86.66
7	31	13	89.29
7	31	14	91.65
7	31	15	87.75
7	31	16	86.03
7	31	17	84.12
7	31	18	79.85
7	31	19	67.15
7	31	20	30.04
7	31	21	3.18
7	31	22	0
7	31	23	0
7	31	24	0
8	1	1	0
8	1	2	0
8	1	3	0
8	1	4	0
8	1	5	0
8	1	6	0
8	1	7	0
8	1	8	0
8	1	9	37.39
8	1	10	75.05
8	1	11	82.67
8	1	12	87.3
8	1	13	89.93
8	1	14	92.2
8	1	15	88.11
8	1	16	86.75
8	1	17	85.48
8	1	18	80.49
8	1	19	66.42
8	1	20	27.77
8	1	21	2.63
8	1	22	0
8	1	23	0
8	1	24	0
8	2	1	0
8	2	2	0
8	2	3	0
8	2	4	0
8	2	5	0
8	2	6	0
8	2	7	0
8	2	8	0
8	2	9	36.93
8	2	10	72.87
8	2	11	81.94
8	2	12	86.48
8	2	13	89.29
8	2	14	92.01
8	2	15	88.02
8	2	16	85.93
8	2	17	84.75
8	2	18	78.22
8	2	19	62.89
8	2	20	30.94
8	2	21	2.81
8	2	22	0
8	2	23	0
8	2	24	0
8	3	1	0
8	3	2	0
8	3	3	0
8	3	4	0
8	3	5	0
8	3	6	0
8	3	7	0
8	3	8	0
8	3	9	35.3
8	3	10	73.5
8	3	11	82.21
8	3	12	86.93
8	3	13	87.39
8	3	14	84.75
8	3	15	80.94
8	3	16	78.22
8	3	17	74.68
8	3	18	66.61
8	3	19	53.36
8	3	20	25.14
8	3	21	0
8	3	22	0
8	3	23	0
8	3	24	0
8	4	1	0
8	4	2	0
8	4	3	0
8	4	4	0
8	4	5	0
8	4	6	0
8	4	7	0
8	4	8	2.54
8	4	9	36.39
8	4	10	71.69
8	4	11	78.49
8	4	12	84.39
8	4	13	87.21
8	4	14	88.02
8	4	15	85.12
8	4	16	82.03
8	4	17	79.58
8	4	18	74.59
8	4	19	64.52
8	4	20	26.86
8	4	21	0
8	4	22	0
8	4	23	0
8	4	24	0
8	5	1	0
8	5	2	0
8	5	3	0
8	5	4	0
8	5	5	0
8	5	6	0
8	5	7	0
8	5	8	0
8	5	9	36.21
8	5	10	73.05
8	5	11	81.13
8	5	12	84.75
8	5	13	87.39
8	5	14	89.38
8	5	15	85.3
8	5	16	82.76
8	5	17	77.86
8	5	18	75.68
8	5	19	65.43
8	5	20	30.4
8	5	21	0
8	5	22	0
8	5	23	0
8	5	24	0
8	6	1	0
8	6	2	0
8	6	3	0
8	6	4	0
8	6	5	0
8	6	6	0
8	6	7	0
8	6	8	2.36
8	6	9	37.11
8	6	10	75.86
8	6	11	82.58
8	6	12	86.3
8	6	13	87.93
8	6	14	89.56
8	6	15	85.84
8	6	16	79.04
8	6	17	74.86
8	6	18	56.99
8	6	19	42.47
8	6	20	20.15
8	6	21	0
8	6	22	0
8	6	23	0
8	6	24	0
8	7	1	0
8	7	2	0
8	7	3	0
8	7	4	0
8	7	5	0
8	7	6	0
8	7	7	0
8	7	8	0
8	7	9	34.03
8	7	10	73.96
8	7	11	82.21
8	7	12	85.3
8	7	13	83.85
8	7	14	79.85
8	7	15	78.22
8	7	16	77.04
8	7	17	79.76
8	7	18	76.41
8	7	19	64.43
8	7	20	25.41
8	7	21	0
8	7	22	0
8	7	23	0
8	7	24	0
8	8	1	0
8	8	2	0
8	8	3	0
8	8	4	0
8	8	5	0
8	8	6	0
8	8	7	0
8	8	8	0
8	8	9	34.21
8	8	10	74.14
8	8	11	81.85
8	8	12	84.48
8	8	13	85.75
8	8	14	82.3
8	8	15	81.31
8	8	16	77.4
8	8	17	73.41
8	8	18	71.23
8	8	19	44.83
8	8	20	18.24
8	8	21	0
8	8	22	0
8	8	23	0
8	8	24	0
8	9	1	0
8	9	2	0
8	9	3	0
8	9	4	0
8	9	5	0
8	9	6	0
8	9	7	0
8	9	8	0
8	9	9	30.13
8	9	10	70.6
8	9	11	81.58
8	9	12	85.57
8	9	13	88.2
8	9	14	87.11
8	9	15	83.67
8	9	16	79.76
8	9	17	76.86
8	9	18	62.52
8	9	19	49.64
8	9	20	18.15
8	9	21	0
8	9	22	0
8	9	23	0
8	9	24	0
8	10	1	0
8	10	2	0
8	10	3	0
8	10	4	0
8	10	5	0
8	10	6	0
8	10	7	0
8	10	8	0
8	10	9	33.39
8	10	10	72.23
8	10	11	80.58
8	10	12	84.75
8	10	13	88.48
8	10	14	74.86
8	10	15	69.33
8	10	16	55.9
8	10	17	47.28
8	10	18	43.38
8	10	19	33.94
8	10	20	19.87
8	10	21	0
8	10	22	0
8	10	23	0
8	10	24	0
8	11	1	0
8	11	2	0
8	11	3	0
8	11	4	0
8	11	5	0
8	11	6	0
8	11	7	0
8	11	8	0
8	11	9	30.4
8	11	10	65.34
8	11	11	78.49
8	11	12	83.48
8	11	13	83.67
8	11	14	71.87
8	11	15	56.81
8	11	16	34.75
8	11	17	43.38
8	11	18	51.81
8	11	19	46.82
8	11	20	8.35
8	11	21	0
8	11	22	0
8	11	23	0
8	11	24	0
8	12	1	0
8	12	2	0
8	12	3	0
8	12	4	0
8	12	5	0
8	12	6	0
8	12	7	0
8	12	8	0
8	12	9	26.5
8	12	10	70.96
8	12	11	78.77
8	12	12	83.76
8	12	13	84.75
8	12	14	78.68
8	12	15	81.76
8	12	16	76.41
8	12	17	68.06
8	12	18	67.97
8	12	19	46.19
8	12	20	22.5
8	12	21	0
8	12	22	0
8	12	23	0
8	12	24	0
8	13	1	0
8	13	2	0
8	13	3	0
8	13	4	0
8	13	5	0
8	13	6	0
8	13	7	0
8	13	8	0
8	13	9	27.59
8	13	10	60.34
8	13	11	77.95
8	13	12	75.5
8	13	13	72.87
8	13	14	60.16
8	13	15	62.52
8	13	16	48.64
8	13	17	48.82
8	13	18	40.56
8	13	19	37.84
8	13	20	12.89
8	13	21	0
8	13	22	0
8	13	23	0
8	13	24	0
8	14	1	0
8	14	2	0
8	14	3	0
8	14	4	0
8	14	5	0
8	14	6	0
8	14	7	0
8	14	8	0
8	14	9	31.49
8	14	10	71.96
8	14	11	79.49
8	14	12	82.85
8	14	13	77.68
8	14	14	73.32
8	14	15	73.77
8	14	16	70.24
8	14	17	68.15
8	14	18	68.33
8	14	19	46.64
8	14	20	16.61
8	14	21	0
8	14	22	0
8	14	23	0
8	14	24	0
8	15	1	0
8	15	2	0
8	15	3	0
8	15	4	0
8	15	5	0
8	15	6	0
8	15	7	0
8	15	8	0
8	15	9	22.5
8	15	10	54.54
8	15	11	58.17
8	15	12	62.07
8	15	13	74.05
8	15	14	68.97
8	15	15	58.8
8	15	16	52
8	15	17	39.84
8	15	18	45.64
8	15	19	35.48
8	15	20	14.88
8	15	21	0
8	15	22	0
8	15	23	0
8	15	24	0
8	16	1	0
8	16	2	0
8	16	3	0
8	16	4	0
8	16	5	0
8	16	6	0
8	16	7	0
8	16	8	0
8	16	9	0
8	16	10	8.62
8	16	11	18.97
8	16	12	23.77
8	16	13	34.57
8	16	14	40.56
8	16	15	49.27
8	16	16	58.44
8	16	17	68.6
8	16	18	54.63
8	16	19	39.93
8	16	20	16.06
8	16	21	0
8	16	22	0
8	16	23	0
8	16	24	0
8	17	1	0
8	17	2	0
8	17	3	0
8	17	4	0
8	17	5	0
8	17	6	0
8	17	7	0
8	17	8	0
8	17	9	20.24
8	17	10	52.45
8	17	11	72.05
8	17	12	71.51
8	17	13	73.87
8	17	14	79.13
8	17	15	79.76
8	17	16	74.77
8	17	17	63.7
8	17	18	41.47
8	17	19	48.73
8	17	20	18.24
8	17	21	0
8	17	22	0
8	17	23	0
8	17	24	0
8	18	1	0
8	18	2	0
8	18	3	0
8	18	4	0
8	18	5	0
8	18	6	0
8	18	7	0
8	18	8	0
8	18	9	21.78
8	18	10	58.44
8	18	11	73.05
8	18	12	70.6
8	18	13	72.41
8	18	14	76.86
8	18	15	67.06
8	18	16	58.44
8	18	17	32.12
8	18	18	36.21
8	18	19	28.77
8	18	20	13.07
8	18	21	0
8	18	22	0
8	18	23	0
8	18	24	0
8	19	1	0
8	19	2	0
8	19	3	0
8	19	4	0
8	19	5	0
8	19	6	0
8	19	7	0
8	19	8	0
8	19	9	26.32
8	19	10	60.07
8	19	11	73.05
8	19	12	77.4
8	19	13	76.68
8	19	14	67.15
8	19	15	66.97
8	19	16	58.89
8	19	17	63.25
8	19	18	57.8
8	19	19	35.3
8	19	20	2.09
8	19	21	0
8	19	22	0
8	19	23	0
8	19	24	0
8	20	1	0
8	20	2	0
8	20	3	0
8	20	4	0
8	20	5	0
8	20	6	0
8	20	7	0
8	20	8	0
8	20	9	20.42
8	20	10	53.54
8	20	11	59.8
8	20	12	74.41
8	20	13	63.34
8	20	14	68.97
8	20	15	66.15
8	20	16	60.62
8	20	17	50.45
8	20	18	46.01
8	20	19	43.01
8	20	20	11.98
8	20	21	0
8	20	22	0
8	20	23	0
8	20	24	0
8	21	1	0
8	21	2	0
8	21	3	0
8	21	4	0
8	21	5	0
8	21	6	0
8	21	7	0
8	21	8	0
8	21	9	15.34
8	21	10	37.66
8	21	11	50.64
8	21	12	56.35
8	21	13	64.34
8	21	14	59.44
8	21	15	65.97
8	21	16	62.61
8	21	17	74.68
8	21	18	68.06
8	21	19	48.91
8	21	20	12.52
8	21	21	0
8	21	22	0
8	21	23	0
8	21	24	0
8	22	1	0
8	22	2	0
8	22	3	0
8	22	4	0
8	22	5	0
8	22	6	0
8	22	7	0
8	22	8	0
8	22	9	12.61
8	22	10	28.04
8	22	11	37.75
8	22	12	49.55
8	22	13	51.18
8	22	14	65.25
8	22	15	62.7
8	22	16	60.44
8	22	17	48.46
8	22	18	34.75
8	22	19	25.32
8	22	20	9.17
8	22	21	0
8	22	22	0
8	22	23	0
8	22	24	0
8	23	1	0
8	23	2	0
8	23	3	0
8	23	4	0
8	23	5	0
8	23	6	0
8	23	7	0
8	23	8	0
8	23	9	6.62
8	23	10	27.68
8	23	11	39.2
8	23	12	49.55
8	23	13	58.44
8	23	14	66.97
8	23	15	63.07
8	23	16	43.28
8	23	17	29.76
8	23	18	22.32
8	23	19	11.34
8	23	20	2.45
8	23	21	0
8	23	22	0
8	23	23	0
8	23	24	0
8	24	1	0
8	24	2	0
8	24	3	0
8	24	4	0
8	24	5	0
8	24	6	0
8	24	7	0
8	24	8	0
8	24	9	23.77
8	24	10	61.52
8	24	11	74.41
8	24	12	73.96
8	24	13	71.14
8	24	14	54.72
8	24	15	54.36
8	24	16	47.28
8	24	17	48.28
8	24	18	35.39
8	24	19	33.76
8	24	20	10.07
8	24	21	0
8	24	22	0
8	24	23	0
8	24	24	0
8	25	1	0
8	25	2	0
8	25	3	0
8	25	4	0
8	25	5	0
8	25	6	0
8	25	7	0
8	25	8	0
8	25	9	19.24
8	25	10	43.92
8	25	11	39.38
8	25	12	44.92
8	25	13	45.55
8	25	14	41.83
8	25	15	47.91
8	25	16	71.78
8	25	17	57.89
8	25	18	66.7
8	25	19	42.29
8	25	20	15.15
8	25	21	0
8	25	22	0
8	25	23	0
8	25	24	0
8	26	1	0
8	26	2	0
8	26	3	0
8	26	4	0
8	26	5	0
8	26	6	0
8	26	7	0
8	26	8	0
8	26	9	23.32
8	26	10	60.34
8	26	11	71.14
8	26	12	79.85
8	26	13	69.06
8	26	14	59.98
8	26	15	53.72
8	26	16	61.25
8	26	17	51.72
8	26	18	51.91
8	26	19	38.48
8	26	20	12.89
8	26	21	0
8	26	22	0
8	26	23	0
8	26	24	0
8	27	1	0
8	27	2	0
8	27	3	0
8	27	4	0
8	27	5	0
8	27	6	0
8	27	7	0
8	27	8	0
8	27	9	24.77
8	27	10	67.24
8	27	11	73.96
8	27	12	84.48
8	27	13	70.05
8	27	14	74.5
8	27	15	75.59
8	27	16	82.03
8	27	17	78.77
8	27	18	77.13
8	27	19	62.79
8	27	20	16.24
8	27	21	0
8	27	22	0
8	27	23	0
8	27	24	0
8	28	1	0
8	28	2	0
8	28	3	0
8	28	4	0
8	28	5	0
8	28	6	0
8	28	7	0
8	28	8	0
8	28	9	21.42
8	28	10	59.44
8	28	11	69.78
8	28	12	80.13
8	28	13	85.21
8	28	14	90.74
8	28	15	82.58
8	28	16	77.95
8	28	17	50.54
8	28	18	53.18
8	28	19	40.29
8	28	20	3.09
8	28	21	0
8	28	22	0
8	28	23	0
8	28	24	0
8	29	1	0
8	29	2	0
8	29	3	0
8	29	4	0
8	29	5	0
8	29	6	0
8	29	7	0
8	29	8	0
8	29	9	19.96
8	29	10	54.99
8	29	11	72.6
8	29	12	78.68
8	29	13	79.4
8	29	14	72.32
8	29	15	72.5
8	29	16	69.6
8	29	17	60.62
8	29	18	57.99
8	29	19	53.9
8	29	20	15.79
8	29	21	0
8	29	22	0
8	29	23	0
8	29	24	0
8	30	1	0
8	30	2	0
8	30	3	0
8	30	4	0
8	30	5	0
8	30	6	0
8	30	7	0
8	30	8	0
8	30	9	6.53
8	30	10	28.68
8	30	11	35.93
8	30	12	39.29
8	30	13	45.55
8	30	14	36.39
8	30	15	33.39
8	30	16	30.76
8	30	17	55.54
8	30	18	42.11
8	30	19	47.01
8	30	20	14.25
8	30	21	0
8	30	22	0
8	30	23	0
8	30	24	0
8	31	1	0
8	31	2	0
8	31	3	0
8	31	4	0
8	31	5	0
8	31	6	0
8	31	7	0
8	31	8	0
8	31	9	3.27
8	31	10	10.89
8	31	11	13.43
8	31	12	21.14
8	31	13	29.22
8	31	14	35.66
8	31	15	38.57
8	31	16	45.64
8	31	17	50.73
8	31	18	44.46
8	31	19	34.21
8	31	20	3.54
8	31	21	0
8	31	22	0
8	31	23	0
8	31	24	0
9	1	1	0
9	1	2	0
9	1	3	0
9	1	4	0
9	1	5	0
9	1	6	0
9	1	7	0
9	1	8	0
9	1	9	0
9	1	10	6.81
9	1	11	15.06
9	1	12	28.49
9	1	13	31.31
9	1	14	39.93
9	1	15	39.47
9	1	16	24.23
9	1	17	21.23
9	1	18	22.14
9	1	19	22.6
9	1	20	4.36
9	1	21	0
9	1	22	0
9	1	23	0
9	1	24	0
9	2	1	0
9	2	2	0
9	2	3	0
9	2	4	0
9	2	5	0
9	2	6	0
9	2	7	0
9	2	8	0
9	2	9	3.18
9	2	10	10.53
9	2	11	23.14
9	2	12	30.67
9	2	13	43.1
9	2	14	47.37
9	2	15	46.28
9	2	16	41.47
9	2	17	27.86
9	2	18	11.16
9	2	19	5.72
9	2	20	0
9	2	21	0
9	2	22	0
9	2	23	0
9	2	24	0
9	3	1	0
9	3	2	0
9	3	3	0
9	3	4	0
9	3	5	0
9	3	6	0
9	3	7	0
9	3	8	0
9	3	9	9.53
9	3	10	30.4
9	3	11	44.92
9	3	12	53.99
9	3	13	44.56
9	3	14	52.81
9	3	15	41.83
9	3	16	50.09
9	3	17	49.91
9	3	18	54.17
9	3	19	50.27
9	3	20	9.89
9	3	21	0
9	3	22	0
9	3	23	0
9	3	24	0
9	4	1	0
9	4	2	0
9	4	3	0
9	4	4	0
9	4	5	0
9	4	6	0
9	4	7	0
9	4	8	0
9	4	9	19.24
9	4	10	61.52
9	4	11	67.15
9	4	12	85.12
9	4	13	88.2
9	4	14	90.56
9	4	15	87.66
9	4	16	81.67
9	4	17	79.04
9	4	18	72.69
9	4	19	44.65
9	4	20	7.44
9	4	21	0
9	4	22	0
9	4	23	0
9	4	24	0
9	5	1	0
9	5	2	0
9	5	3	0
9	5	4	0
9	5	5	0
9	5	6	0
9	5	7	0
9	5	8	0
9	5	9	18.97
9	5	10	60.71
9	5	11	75.14
9	5	12	90.29
9	5	13	88.75
9	5	14	96.19
9	5	15	95.37
9	5	16	90.02
9	5	17	90.38
9	5	18	86.93
9	5	19	65.43
9	5	20	9.98
9	5	21	0
9	5	22	0
9	5	23	0
9	5	24	0
9	6	1	0
9	6	2	0
9	6	3	0
9	6	4	0
9	6	5	0
9	6	6	0
9	6	7	0
9	6	8	0
9	6	9	22.23
9	6	10	64.97
9	6	11	72.6
9	6	12	88.2
9	6	13	90.02
9	6	14	97.73
9	6	15	96.64
9	6	16	93.28
9	6	17	89.11
9	6	18	84.85
9	6	19	57.89
9	6	20	7.08
9	6	21	0
9	6	22	0
9	6	23	0
9	6	24	0
9	7	1	0
9	7	2	0
9	7	3	0
9	7	4	0
9	7	5	0
9	7	6	0
9	7	7	0
9	7	8	0
9	7	9	16.06
9	7	10	46.46
9	7	11	62.25
9	7	12	84.94
9	7	13	87.11
9	7	14	94.74
9	7	15	96.73
9	7	16	89.29
9	7	17	82.76
9	7	18	72.69
9	7	19	52.81
9	7	20	6.81
9	7	21	0
9	7	22	0
9	7	23	0
9	7	24	0
9	8	1	0
9	8	2	0
9	8	3	0
9	8	4	0
9	8	5	0
9	8	6	0
9	8	7	0
9	8	8	0
9	8	9	18.42
9	8	10	56.53
9	8	11	71.14
9	8	12	87.75
9	8	13	84.48
9	8	14	94.74
9	8	15	93.56
9	8	16	92.01
9	8	17	86.66
9	8	18	83.85
9	8	19	59.35
9	8	20	7.08
9	8	21	0
9	8	22	0
9	8	23	0
9	8	24	0
9	9	1	0
9	9	2	0
9	9	3	0
9	9	4	0
9	9	5	0
9	9	6	0
9	9	7	0
9	9	8	0
9	9	9	12.7
9	9	10	43.74
9	9	11	62.89
9	9	12	76.23
9	9	13	76.95
9	9	14	81.31
9	9	15	83.58
9	9	16	86.3
9	9	17	84.12
9	9	18	73.87
9	9	19	61.07
9	9	20	7.8
9	9	21	0
9	9	22	0
9	9	23	0
9	9	24	0
9	10	1	0
9	10	2	0
9	10	3	0
9	10	4	0
9	10	5	0
9	10	6	0
9	10	7	0
9	10	8	0
9	10	9	19.6
9	10	10	64.43
9	10	11	72.5
9	10	12	88.66
9	10	13	88.75
9	10	14	93.65
9	10	15	93.1
9	10	16	88.48
9	10	17	91.02
9	10	18	70.42
9	10	19	34.85
9	10	20	5.9
9	10	21	0
9	10	22	0
9	10	23	0
9	10	24	0
9	11	1	0
9	11	2	0
9	11	3	0
9	11	4	0
9	11	5	0
9	11	6	0
9	11	7	0
9	11	8	0
9	11	9	10.44
9	11	10	44.1
9	11	11	58.26
9	11	12	68.69
9	11	13	74.32
9	11	14	73.32
9	11	15	71.69
9	11	16	77.77
9	11	17	88.2
9	11	18	78.4
9	11	19	54.17
9	11	20	5.72
9	11	21	0
9	11	22	0
9	11	23	0
9	11	24	0
9	12	1	0
9	12	2	0
9	12	3	0
9	12	4	0
9	12	5	0
9	12	6	0
9	12	7	0
9	12	8	0
9	12	9	18.06
9	12	10	58.98
9	12	11	69.96
9	12	12	88.57
9	12	13	87.84
9	12	14	89.2
9	12	15	85.3
9	12	16	82.85
9	12	17	87.48
9	12	18	78.49
9	12	19	54.45
9	12	20	6.08
9	12	21	0
9	12	22	0
9	12	23	0
9	12	24	0
9	13	1	0
9	13	2	0
9	13	3	0
9	13	4	0
9	13	5	0
9	13	6	0
9	13	7	0
9	13	8	0
9	13	9	19.42
9	13	10	61.98
9	13	11	71.42
9	13	12	90.29
9	13	13	91.56
9	13	14	88.75
9	13	15	89.11
9	13	16	84.21
9	13	17	92.83
9	13	18	88.02
9	13	19	53.27
9	13	20	5.17
9	13	21	0
9	13	22	0
9	13	23	0
9	13	24	0
9	14	1	0
9	14	2	0
9	14	3	0
9	14	4	0
9	14	5	0
9	14	6	0
9	14	7	0
9	14	8	0
9	14	9	18.78
9	14	10	61.34
9	14	11	64.97
9	14	12	86.93
9	14	13	82.85
9	14	14	77.59
9	14	15	76.95
9	14	16	61.98
9	14	17	71.32
9	14	18	58.62
9	14	19	36.75
9	14	20	3.45
9	14	21	0
9	14	22	0
9	14	23	0
9	14	24	0
9	15	1	0
9	15	2	0
9	15	3	0
9	15	4	0
9	15	5	0
9	15	6	0
9	15	7	0
9	15	8	0
9	15	9	19.6
9	15	10	60.62
9	15	11	73.32
9	15	12	89.2
9	15	13	90.56
9	15	14	88.29
9	15	15	87.48
9	15	16	89.66
9	15	17	91.65
9	15	18	79.22
9	15	19	51.72
9	15	20	5.81
9	15	21	0
9	15	22	0
9	15	23	0
9	15	24	0
9	16	1	0
9	16	2	0
9	16	3	0
9	16	4	0
9	16	5	0
9	16	6	0
9	16	7	0
9	16	8	0
9	16	9	15.43
9	16	10	57.99
9	16	11	69.42
9	16	12	89.56
9	16	13	85.12
9	16	14	92.29
9	16	15	90.93
9	16	16	95.01
9	16	17	91.2
9	16	18	75.77
9	16	19	50.27
9	16	20	5.9
9	16	21	0
9	16	22	0
9	16	23	0
9	16	24	0
9	17	1	0
9	17	2	0
9	17	3	0
9	17	4	0
9	17	5	0
9	17	6	0
9	17	7	0
9	17	8	0
9	17	9	18.33
9	17	10	60.16
9	17	11	72.6
9	17	12	90.65
9	17	13	92.2
9	17	14	93.92
9	17	15	91.83
9	17	16	91.56
9	17	17	93.28
9	17	18	81.31
9	17	19	51.81
9	17	20	4.99
9	17	21	0
9	17	22	0
9	17	23	0
9	17	24	0
9	18	1	0
9	18	2	0
9	18	3	0
9	18	4	0
9	18	5	0
9	18	6	0
9	18	7	0
9	18	8	0
9	18	9	16.24
9	18	10	55.26
9	18	11	69.69
9	18	12	82.76
9	18	13	88.11
9	18	14	92.11
9	18	15	92.11
9	18	16	91.47
9	18	17	90.74
9	18	18	80.4
9	18	19	49.73
9	18	20	5.08
9	18	21	0
9	18	22	0
9	18	23	0
9	18	24	0
9	19	1	0
9	19	2	0
9	19	3	0
9	19	4	0
9	19	5	0
9	19	6	0
9	19	7	0
9	19	8	0
9	19	9	14.34
9	19	10	60.16
9	19	11	56.53
9	19	12	62.89
9	19	13	74.68
9	19	14	69.24
9	19	15	76.86
9	19	16	67.42
9	19	17	72.5
9	19	18	75.77
9	19	19	48.55
9	19	20	4.08
9	19	21	0
9	19	22	0
9	19	23	0
9	19	24	0
9	20	1	0
9	20	2	0
9	20	3	0
9	20	4	0
9	20	5	0
9	20	6	0
9	20	7	0
9	20	8	0
9	20	9	15.7
9	20	10	57.08
9	20	11	72.32
9	20	12	89.47
9	20	13	90.29
9	20	14	86.66
9	20	15	88.2
9	20	16	82.49
9	20	17	89.11
9	20	18	74.68
9	20	19	41.83
9	20	20	3.09
9	20	21	0
9	20	22	0
9	20	23	0
9	20	24	0
9	21	1	0
9	21	2	0
9	21	3	0
9	21	4	0
9	21	5	0
9	21	6	0
9	21	7	0
9	21	8	0
9	21	9	15.79
9	21	10	60.89
9	21	11	73.68
9	21	12	87.21
9	21	13	88.66
9	21	14	91.83
9	21	15	91.2
9	21	16	91.92
9	21	17	92.01
9	21	18	74.95
9	21	19	42.65
9	21	20	3.54
9	21	21	0
9	21	22	0
9	21	23	0
9	21	24	0
9	22	1	0
9	22	2	0
9	22	3	0
9	22	4	0
9	22	5	0
9	22	6	0
9	22	7	0
9	22	8	0
9	22	9	17.97
9	22	10	64.97
9	22	11	76.41
9	22	12	88.93
9	22	13	90.56
9	22	14	92.38
9	22	15	94.83
9	22	16	92.74
9	22	17	92.11
9	22	18	78.13
9	22	19	43.56
9	22	20	4.54
9	22	21	0
9	22	22	0
9	22	23	0
9	22	24	0
9	23	1	0
9	23	2	0
9	23	3	0
9	23	4	0
9	23	5	0
9	23	6	0
9	23	7	0
9	23	8	0
9	23	9	13.97
9	23	10	66.33
9	23	11	75.86
9	23	12	90.56
9	23	13	92.92
9	23	14	95.1
9	23	15	93.47
9	23	16	91.29
9	23	17	89.84
9	23	18	81.4
9	23	19	38.84
9	23	20	2.9
9	23	21	0
9	23	22	0
9	23	23	0
9	23	24	0
9	24	1	0
9	24	2	0
9	24	3	0
9	24	4	0
9	24	5	0
9	24	6	0
9	24	7	0
9	24	8	0
9	24	9	14.52
9	24	10	60.44
9	24	11	73.05
9	24	12	90.2
9	24	13	91.56
9	24	14	94.46
9	24	15	95.1
9	24	16	95.83
9	24	17	93.38
9	24	18	76.86
9	24	19	37.39
9	24	20	3.09
9	24	21	0
9	24	22	0
9	24	23	0
9	24	24	0
9	25	1	0
9	25	2	0
9	25	3	0
9	25	4	0
9	25	5	0
9	25	6	0
9	25	7	0
9	25	8	0
9	25	9	13.16
9	25	10	63.97
9	25	11	74.14
9	25	12	82.58
9	25	13	85.03
9	25	14	80.94
9	25	15	81.03
9	25	16	90.2
9	25	17	86.75
9	25	18	53.63
9	25	19	23.96
9	25	20	0
9	25	21	0
9	25	22	0
9	25	23	0
9	25	24	0
9	26	1	0
9	26	2	0
9	26	3	0
9	26	4	0
9	26	5	0
9	26	6	0
9	26	7	0
9	26	8	0
9	26	9	14.07
9	26	10	56.08
9	26	11	65.79
9	26	12	71.78
9	26	13	81.31
9	26	14	90.29
9	26	15	94.1
9	26	16	92.38
9	26	17	90.83
9	26	18	69.06
9	26	19	33.58
9	26	20	0
9	26	21	0
9	26	22	0
9	26	23	0
9	26	24	0
9	27	1	0
9	27	2	0
9	27	3	0
9	27	4	0
9	27	5	0
9	27	6	0
9	27	7	0
9	27	8	0
9	27	9	12.52
9	27	10	62.89
9	27	11	77.95
9	27	12	86.75
9	27	13	87.66
9	27	14	91.02
9	27	15	94.01
9	27	16	95.92
9	27	17	89.56
9	27	18	74.41
9	27	19	32.3
9	27	20	0
9	27	21	0
9	27	22	0
9	27	23	0
9	27	24	0
9	28	1	0
9	28	2	0
9	28	3	0
9	28	4	0
9	28	5	0
9	28	6	0
9	28	7	0
9	28	8	0
9	28	9	14.52
9	28	10	60.8
9	28	11	76.77
9	28	12	87.84
9	28	13	90.47
9	28	14	92.83
9	28	15	90.83
9	28	16	93.92
9	28	17	92.74
9	28	18	80.67
9	28	19	34.66
9	28	20	2.9
9	28	21	0
9	28	22	0
9	28	23	0
9	28	24	0
9	29	1	0
9	29	2	0
9	29	3	0
9	29	4	0
9	29	5	0
9	29	6	0
9	29	7	0
9	29	8	0
9	29	9	14.43
9	29	10	63.07
9	29	11	77.4
9	29	12	89.2
9	29	13	90.83
9	29	14	91.02
9	29	15	90.93
9	29	16	92.74
9	29	17	90.83
9	29	18	75.41
9	29	19	31.67
9	29	20	0
9	29	21	0
9	29	22	0
9	29	23	0
9	29	24	0
9	30	1	0
9	30	2	0
9	30	3	0
9	30	4	0
9	30	5	0
9	30	6	0
9	30	7	0
9	30	8	0
9	30	9	12.16
9	30	10	61.8
9	30	11	80.49
9	30	12	90.47
9	30	13	90.56
9	30	14	89.66
9	30	15	91.83
9	30	16	92.2
9	30	17	90.47
9	30	18	76.41
9	30	19	32.58
9	30	20	0
9	30	21	0
9	30	22	0
9	30	23	0
9	30	24	0
10	1	1	0
10	1	2	0
10	1	3	0
10	1	4	0
10	1	5	0
10	1	6	0
10	1	7	0
10	1	8	0
10	1	9	13.07
10	1	10	56.26
10	1	11	78.22
10	1	12	88.29
10	1	13	89.56
10	1	14	90.02
10	1	15	91.74
10	1	16	91.92
10	1	17	90.47
10	1	18	72.05
10	1	19	26.23
10	1	20	0
10	1	21	0
10	1	22	0
10	1	23	0
10	1	24	0
10	2	1	0
10	2	2	0
10	2	3	0
10	2	4	0
10	2	5	0
10	2	6	0
10	2	7	0
10	2	8	0
10	2	9	10.25
10	2	10	59.07
10	2	11	76.77
10	2	12	86.48
10	2	13	90.2
10	2	14	89.38
10	2	15	89.93
10	2	16	90.47
10	2	17	89.38
10	2	18	73.5
10	2	19	27.22
10	2	20	0
10	2	21	0
10	2	22	0
10	2	23	0
10	2	24	0
10	3	1	0
10	3	2	0
10	3	3	0
10	3	4	0
10	3	5	0
10	3	6	0
10	3	7	0
10	3	8	0
10	3	9	12.89
10	3	10	60.89
10	3	11	79.22
10	3	12	88.66
10	3	13	88.38
10	3	14	86.57
10	3	15	88.93
10	3	16	86.12
10	3	17	79.67
10	3	18	62.07
10	3	19	24.23
10	3	20	0
10	3	21	0
10	3	22	0
10	3	23	0
10	3	24	0
10	4	1	0
10	4	2	0
10	4	3	0
10	4	4	0
10	4	5	0
10	4	6	0
10	4	7	0
10	4	8	0
10	4	9	8.98
10	4	10	48.28
10	4	11	70.6
10	4	12	86.57
10	4	13	89.02
10	4	14	87.02
10	4	15	85.03
10	4	16	81.13
10	4	17	78.95
10	4	18	67.42
10	4	19	23.68
10	4	20	0
10	4	21	0
10	4	22	0
10	4	23	0
10	4	24	0
10	5	1	0
10	5	2	0
10	5	3	0
10	5	4	0
10	5	5	0
10	5	6	0
10	5	7	0
10	5	8	0
10	5	9	9.17
10	5	10	52.27
10	5	11	76.41
10	5	12	81.22
10	5	13	83.03
10	5	14	85.75
10	5	15	86.21
10	5	16	87.66
10	5	17	79.22
10	5	18	61.8
10	5	19	21.23
10	5	20	0
10	5	21	0
10	5	22	0
10	5	23	0
10	5	24	0
10	6	1	0
10	6	2	0
10	6	3	0
10	6	4	0
10	6	5	0
10	6	6	0
10	6	7	0
10	6	8	0
10	6	9	6.99
10	6	10	43.01
10	6	11	64.7
10	6	12	76.04
10	6	13	72.23
10	6	14	51.54
10	6	15	45.92
10	6	16	36.39
10	6	17	42.47
10	6	18	37.02
10	6	19	10.53
10	6	20	0
10	6	21	0
10	6	22	0
10	6	23	0
10	6	24	0
10	7	1	0
10	7	2	0
10	7	3	0
10	7	4	0
10	7	5	0
10	7	6	0
10	7	7	0
10	7	8	0
10	7	9	5.35
10	7	10	27.95
10	7	11	40.38
10	7	12	48.37
10	7	13	53.81
10	7	14	44.92
10	7	15	38.93
10	7	16	31.4
10	7	17	32.21
10	7	18	25.41
10	7	19	7.71
10	7	20	0
10	7	21	0
10	7	22	0
10	7	23	0
10	7	24	0
10	8	1	0
10	8	2	0
10	8	3	0
10	8	4	0
10	8	5	0
10	8	6	0
10	8	7	0
10	8	8	0
10	8	9	6.44
10	8	10	34.48
10	8	11	53.45
10	8	12	50.36
10	8	13	52.99
10	8	14	32.85
10	8	15	18.6
10	8	16	9.44
10	8	17	19.33
10	8	18	12.7
10	8	19	6.08
10	8	20	0
10	8	21	0
10	8	22	0
10	8	23	0
10	8	24	0
10	9	1	0
10	9	2	0
10	9	3	0
10	9	4	0
10	9	5	0
10	9	6	0
10	9	7	0
10	9	8	0
10	9	9	2.9
10	9	10	26.59
10	9	11	48.09
10	9	12	58.89
10	9	13	61.52
10	9	14	60.89
10	9	15	48.91
10	9	16	27.13
10	9	17	22.14
10	9	18	30.67
10	9	19	10.8
10	9	20	0
10	9	21	0
10	9	22	0
10	9	23	0
10	9	24	0
10	10	1	0
10	10	2	0
10	10	3	0
10	10	4	0
10	10	5	0
10	10	6	0
10	10	7	0
10	10	8	0
10	10	9	0
10	10	10	0
10	10	11	0
10	10	12	38.84
10	10	13	0
10	10	14	0
10	10	15	0
10	10	16	0
10	10	17	0
10	10	18	0
10	10	19	0
10	10	20	0
10	10	21	0
10	10	22	0
10	10	23	0
10	10	24	0
10	11	1	0
10	11	2	0
10	11	3	0
10	11	4	0
10	11	5	0
10	11	6	0
10	11	7	0
10	11	8	0
10	11	9	0
10	11	10	0
10	11	11	0
10	11	12	0
10	11	13	0
10	11	14	0
10	11	15	0
10	11	16	0
10	11	17	0
10	11	18	0
10	11	19	0
10	11	20	0
10	11	21	0
10	11	22	0
10	11	23	0
10	11	24	0
10	12	1	0
10	12	2	0
10	12	3	0
10	12	4	0
10	12	5	0
10	12	6	0
10	12	7	0
10	12	8	0
10	12	9	0
10	12	10	0
10	12	11	0
10	12	12	0
10	12	13	81.67
10	12	14	74.95
10	12	15	75.86
10	12	16	82.67
10	12	17	80.85
10	12	18	65.15
10	12	19	16.88
10	12	20	0
10	12	21	0
10	12	22	0
10	12	23	0
10	12	24	0
10	13	1	0
10	13	2	0
10	13	3	0
10	13	4	0
10	13	5	0
10	13	6	0
10	13	7	0
10	13	8	0
10	13	9	6.9
10	13	10	52.09
10	13	11	72.23
10	13	12	78.68
10	13	13	79.31
10	13	14	85.03
10	13	15	84.85
10	13	16	68.33
10	13	17	60.71
10	13	18	25.77
10	13	19	5.63
10	13	20	0
10	13	21	0
10	13	22	0
10	13	23	0
10	13	24	0
10	14	1	0
10	14	2	0
10	14	3	0
10	14	4	0
10	14	5	0
10	14	6	0
10	14	7	0
10	14	8	0
10	14	9	7.26
10	14	10	45.55
10	14	11	70.33
10	14	12	75.95
10	14	13	84.39
10	14	14	81.76
10	14	15	86.39
10	14	16	81.94
10	14	17	63.07
10	14	18	32.3
10	14	19	7.53
10	14	20	0
10	14	21	0
10	14	22	0
10	14	23	0
10	14	24	0
10	15	1	0
10	15	2	0
10	15	3	0
10	15	4	0
10	15	5	0
10	15	6	0
10	15	7	0
10	15	8	0
10	15	9	0
10	15	10	25.68
10	15	11	61.07
10	15	12	76.41
10	15	13	81.85
10	15	14	88.84
10	15	15	96.01
10	15	16	90.74
10	15	17	73.05
10	15	18	52.45
10	15	19	11.07
10	15	20	0
10	15	21	0
10	15	22	0
10	15	23	0
10	15	24	0
10	16	1	0
10	16	2	0
10	16	3	0
10	16	4	0
10	16	5	0
10	16	6	0
10	16	7	0
10	16	8	0
10	16	9	0
10	16	10	12.52
10	16	11	15.06
10	16	12	19.33
10	16	13	21.05
10	16	14	25.41
10	16	15	30.58
10	16	16	18.6
10	16	17	9.71
10	16	18	8.71
10	16	19	0
10	16	20	0
10	16	21	0
10	16	22	0
10	16	23	0
10	16	24	0
10	17	1	0
10	17	2	0
10	17	3	0
10	17	4	0
10	17	5	0
10	17	6	0
10	17	7	0
10	17	8	0
10	17	9	0
10	17	10	0
10	17	11	6.08
10	17	12	9.53
10	17	13	12.7
10	17	14	12.89
10	17	15	12.61
10	17	16	14.25
10	17	17	15.15
10	17	18	8.89
10	17	19	0
10	17	20	0
10	17	21	0
10	17	22	0
10	17	23	0
10	17	24	0
10	18	1	0
10	18	2	0
10	18	3	0
10	18	4	0
10	18	5	0
10	18	6	0
10	18	7	0
10	18	8	0
10	18	9	0
10	18	10	5.63
10	18	11	13.79
10	18	12	17.79
10	18	13	20.6
10	18	14	31.58
10	18	15	36.57
10	18	16	46.19
10	18	17	46.82
10	18	18	22.78
10	18	19	6.44
10	18	20	0
10	18	21	0
10	18	22	0
10	18	23	0
10	18	24	0
10	19	1	0
10	19	2	0
10	19	3	0
10	19	4	0
10	19	5	0
10	19	6	0
10	19	7	0
10	19	8	0
10	19	9	4.72
10	19	10	48.73
10	19	11	74.5
10	19	12	86.93
10	19	13	86.75
10	19	14	93.56
10	19	15	94.74
10	19	16	93.65
10	19	17	85.57
10	19	18	64.61
10	19	19	11.8
10	19	20	0
10	19	21	0
10	19	22	0
10	19	23	0
10	19	24	0
10	20	1	0
10	20	2	0
10	20	3	0
10	20	4	0
10	20	5	0
10	20	6	0
10	20	7	0
10	20	8	0
10	20	9	6.53
10	20	10	48.09
10	20	11	80.58
10	20	12	88.84
10	20	13	90.93
10	20	14	95.01
10	20	15	96.28
10	20	16	94.46
10	20	17	86.75
10	20	18	68.51
10	20	19	11.25
10	20	20	0
10	20	21	0
10	20	22	0
10	20	23	0
10	20	24	0
10	21	1	0
10	21	2	0
10	21	3	0
10	21	4	0
10	21	5	0
10	21	6	0
10	21	7	0
10	21	8	0
10	21	9	6.35
10	21	10	53.9
10	21	11	83.39
10	21	12	91.65
10	21	13	89.2
10	21	14	93.38
10	21	15	93.83
10	21	16	90.2
10	21	17	85.3
10	21	18	61.71
10	21	19	9.17
10	21	20	0
10	21	21	0
10	21	22	0
10	21	23	0
10	21	24	0
10	22	1	0
10	22	2	0
10	22	3	0
10	22	4	0
10	22	5	0
10	22	6	0
10	22	7	0
10	22	8	0
10	22	9	3.81
10	22	10	50.73
10	22	11	80.31
10	22	12	88.11
10	22	13	90.38
10	22	14	92.2
10	22	15	92.92
10	22	16	89.38
10	22	17	79.67
10	22	18	49.64
10	22	19	5.44
10	22	20	0
10	22	21	0
10	22	22	0
10	22	23	0
10	22	24	0
10	23	1	0
10	23	2	0
10	23	3	0
10	23	4	0
10	23	5	0
10	23	6	0
10	23	7	0
10	23	8	0
10	23	9	5.17
10	23	10	48.64
10	23	11	77.13
10	23	12	89.29
10	23	13	89.93
10	23	14	80.13
10	23	15	77.31
10	23	16	68.06
10	23	17	60.25
10	23	18	44.19
10	23	19	7.26
10	23	20	0
10	23	21	0
10	23	22	0
10	23	23	0
10	23	24	0
10	24	1	0
10	24	2	0
10	24	3	0
10	24	4	0
10	24	5	0
10	24	6	0
10	24	7	0
10	24	8	0
10	24	9	0
10	24	10	21.78
10	24	11	42.29
10	24	12	59.35
10	24	13	50.82
10	24	14	48.46
10	24	15	60.71
10	24	16	59.07
10	24	17	53.99
10	24	18	37.48
10	24	19	6.81
10	24	20	0
10	24	21	0
10	24	22	0
10	24	23	0
10	24	24	0
10	25	1	0
10	25	2	0
10	25	3	0
10	25	4	0
10	25	5	0
10	25	6	0
10	25	7	0
10	25	8	0
10	25	9	4.36
10	25	10	48.91
10	25	11	80.85
10	25	12	89.93
10	25	13	93.19
10	25	14	96.19
10	25	15	95.92
10	25	16	91.38
10	25	17	83.03
10	25	18	62.52
10	25	19	10.34
10	25	20	0
10	25	21	0
10	25	22	0
10	25	23	0
10	25	24	0
10	26	1	0
10	26	2	0
10	26	3	0
10	26	4	0
10	26	5	0
10	26	6	0
10	26	7	0
10	26	8	0
10	26	9	0
10	26	10	51.27
10	26	11	80.76
10	26	12	89.75
10	26	13	91.83
10	26	14	93.83
10	26	15	90.56
10	26	16	91.92
10	26	17	82.3
10	26	18	59.71
10	26	19	6.72
10	26	20	0
10	26	21	0
10	26	22	0
10	26	23	0
10	26	24	0
10	27	1	0
10	27	2	0
10	27	3	0
10	27	4	0
10	27	5	0
10	27	6	0
10	27	7	0
10	27	8	0
10	27	9	3.63
10	27	10	43.01
10	27	11	77.59
10	27	12	86.03
10	27	13	88.84
10	27	14	90.02
10	27	15	90.65
10	27	16	91.83
10	27	17	52.45
10	27	18	36.66
10	27	19	6.44
10	27	20	0
10	27	21	0
10	27	22	0
10	27	23	0
10	27	24	0
10	28	1	0
10	28	2	0
10	28	3	0
10	28	4	0
10	28	5	0
10	28	6	0
10	28	7	0
10	28	8	0
10	28	9	3.09
10	28	10	30.76
10	28	11	50.64
10	28	12	57.53
10	28	13	61.07
10	28	14	38.75
10	28	15	30.85
10	28	16	10.44
10	28	17	38.2
10	28	18	25.14
10	28	19	6.35
10	28	20	0
10	28	21	0
10	28	22	0
10	28	23	0
10	28	24	0
10	29	1	0
10	29	2	0
10	29	3	0
10	29	4	0
10	29	5	0
10	29	6	0
10	29	7	0
10	29	8	0
10	29	9	0
10	29	10	36.48
10	29	11	70.05
10	29	12	86.03
10	29	13	92.65
10	29	14	99.36
10	29	15	96.64
10	29	16	96.46
10	29	17	85.12
10	29	18	57.99
10	29	19	8.71
10	29	20	0
10	29	21	0
10	29	22	0
10	29	23	0
10	29	24	0
10	30	1	0
10	30	2	0
10	30	3	0
10	30	4	0
10	30	5	0
10	30	6	0
10	30	7	0
10	30	8	0
10	30	9	4.08
10	30	10	42.83
10	30	11	79.22
10	30	12	86.21
10	30	13	90.38
10	30	14	90.29
10	30	15	90.2
10	30	16	86.21
10	30	17	62.07
10	30	18	43.01
10	30	19	5.99
10	30	20	0
10	30	21	0
10	30	22	0
10	30	23	0
10	30	24	0
10	31	1	0
10	31	2	0
10	31	3	0
10	31	4	0
10	31	5	0
10	31	6	0
10	31	7	0
10	31	8	0
10	31	9	0
10	31	10	13.25
10	31	11	38.75
10	31	12	47.55
10	31	13	52.09
10	31	14	54.81
10	31	15	51.36
10	31	16	62.43
10	31	17	45.01
10	31	18	22.41
10	31	19	3.54
10	31	20	0
10	31	21	0
10	31	22	0
10	31	23	0
10	31	24	0
11	1	1	0
11	1	2	0
11	1	3	0
11	1	4	0
11	1	5	0
11	1	6	0
11	1	7	0
11	1	8	0
11	1	9	0
11	1	10	28.86
11	1	11	64.16
11	1	12	72.05
11	1	13	71.14
11	1	14	91.2
11	1	15	99.27
11	1	16	100
11	1	17	85.93
11	1	18	53.99
11	1	19	6.08
11	1	20	0
11	1	21	0
11	1	22	0
11	1	23	0
11	1	24	0
11	2	1	0
11	2	2	0
11	2	3	0
11	2	4	0
11	2	5	0
11	2	6	0
11	2	7	0
11	2	8	0
11	2	9	0
11	2	10	21.42
11	2	11	50.73
11	2	12	68.87
11	2	13	77.95
11	2	14	83.48
11	2	15	73.77
11	2	16	62.79
11	2	17	64.16
11	2	18	44.46
11	2	19	6.35
11	2	20	0
11	2	21	0
11	2	22	0
11	2	23	0
11	2	24	0
11	3	1	0
11	3	2	0
11	3	3	0
11	3	4	0
11	3	5	0
11	3	6	0
11	3	7	0
11	3	8	0
11	3	9	0
11	3	10	23.87
11	3	11	60.07
11	3	12	74.32
11	3	13	83.03
11	3	14	82.85
11	3	15	75.59
11	3	16	57.8
11	3	17	59.26
11	3	18	38.66
11	3	19	4.17
11	3	20	0
11	3	21	0
11	3	22	0
11	3	23	0
11	3	24	0
11	4	1	0
11	4	2	0
11	4	3	0
11	4	4	0
11	4	5	0
11	4	6	0
11	4	7	0
11	4	8	0
11	4	9	0
11	4	10	37.84
11	4	11	70.96
11	4	12	77.22
11	4	13	81.67
11	4	14	82.4
11	4	15	87.21
11	4	16	81.94
11	4	17	72.78
11	4	18	45.28
11	4	19	5.54
11	4	20	0
11	4	21	0
11	4	22	0
11	4	23	0
11	4	24	0
11	5	1	0
11	5	2	0
11	5	3	0
11	5	4	0
11	5	5	0
11	5	6	0
11	5	7	0
11	5	8	0
11	5	9	2.81
11	5	10	43.74
11	5	11	74.77
11	5	12	83.94
11	5	13	88.57
11	5	14	93.83
11	5	15	94.46
11	5	16	92.2
11	5	17	80.13
11	5	18	50.73
11	5	19	7.62
11	5	20	0
11	5	21	0
11	5	22	0
11	5	23	0
11	5	24	0
11	6	1	0
11	6	2	0
11	6	3	0
11	6	4	0
11	6	5	0
11	6	6	0
11	6	7	2.81
11	6	8	41.38
11	6	9	76.04
11	6	10	82.3
11	6	11	85.93
11	6	12	92.47
11	6	13	92.01
11	6	14	89.84
11	6	15	77.4
11	6	16	48.64
11	6	17	6.08
11	6	18	0
11	6	19	0
11	6	20	0
11	6	21	0
11	6	22	0
11	6	23	0
11	6	24	0
11	7	1	0
11	7	2	0
11	7	3	0
11	7	4	0
11	7	5	0
11	7	6	0
11	7	7	0
11	7	8	0
11	7	9	13.79
11	7	10	17.88
11	7	11	24.68
11	7	12	31.76
11	7	13	62.52
11	7	14	62.98
11	7	15	68.87
11	7	16	54.81
11	7	17	30.85
11	7	18	4.63
11	7	19	0
11	7	20	0
11	7	21	0
11	7	22	0
11	7	23	0
11	7	24	0
11	8	1	0
11	8	2	0
11	8	3	0
11	8	4	0
11	8	5	0
11	8	6	0
11	8	7	0
11	8	8	0
11	8	9	7.99
11	8	10	24.86
11	8	11	37.66
11	8	12	49.73
11	8	13	59.26
11	8	14	57.08
11	8	15	53.99
11	8	16	44.19
11	8	17	23.96
11	8	18	3.36
11	8	19	0
11	8	20	0
11	8	21	0
11	8	22	0
11	8	23	0
11	8	24	0
11	9	1	0
11	9	2	0
11	9	3	0
11	9	4	0
11	9	5	0
11	9	6	0
11	9	7	0
11	9	8	0
11	9	9	19.33
11	9	10	46.73
11	9	11	55.99
11	9	12	66.79
11	9	13	68.87
11	9	14	67.88
11	9	15	61.98
11	9	16	57.08
11	9	17	28.86
11	9	18	4.45
11	9	19	0
11	9	20	0
11	9	21	0
11	9	22	0
11	9	23	0
11	9	24	0
11	10	1	0
11	10	2	0
11	10	3	0
11	10	4	0
11	10	5	0
11	10	6	0
11	10	7	0
11	10	8	0
11	10	9	31.4
11	10	10	74.23
11	10	11	84.48
11	10	12	88.93
11	10	13	91.2
11	10	14	88.11
11	10	15	84.75
11	10	16	74.5
11	10	17	46.37
11	10	18	5.35
11	10	19	0
11	10	20	0
11	10	21	0
11	10	22	0
11	10	23	0
11	10	24	0
11	11	1	0
11	11	2	0
11	11	3	0
11	11	4	0
11	11	5	0
11	11	6	0
11	11	7	0
11	11	8	0
11	11	9	20.6
11	11	10	51.09
11	11	11	55.17
11	11	12	68.42
11	11	13	83.21
11	11	14	79.95
11	11	15	96.28
11	11	16	77.95
11	11	17	51.27
11	11	18	6.81
11	11	19	0
11	11	20	0
11	11	21	0
11	11	22	0
11	11	23	0
11	11	24	0
11	12	1	0
11	12	2	0
11	12	3	0
11	12	4	0
11	12	5	0
11	12	6	0
11	12	7	0
11	12	8	0
11	12	9	33.3
11	12	10	76.59
11	12	11	83.3
11	12	12	92.11
11	12	13	88.93
11	12	14	82.03
11	12	15	82.3
11	12	16	70.87
11	12	17	41.56
11	12	18	5.63
11	12	19	0
11	12	20	0
11	12	21	0
11	12	22	0
11	12	23	0
11	12	24	0
11	13	1	0
11	13	2	0
11	13	3	0
11	13	4	0
11	13	5	0
11	13	6	0
11	13	7	0
11	13	8	0
11	13	9	26.5
11	13	10	50.09
11	13	11	53.72
11	13	12	61.07
11	13	13	45.28
11	13	14	48.28
11	13	15	42.01
11	13	16	26.95
11	13	17	13.7
11	13	18	0
11	13	19	0
11	13	20	0
11	13	21	0
11	13	22	0
11	13	23	0
11	13	24	0
11	14	1	0
11	14	2	0
11	14	3	0
11	14	4	0
11	14	5	0
11	14	6	0
11	14	7	0
11	14	8	0
11	14	9	28.77
11	14	10	59.26
11	14	11	65.88
11	14	12	80.49
11	14	13	90.65
11	14	14	88.48
11	14	15	81.4
11	14	16	61.98
11	14	17	39.75
11	14	18	4.63
11	14	19	0
11	14	20	0
11	14	21	0
11	14	22	0
11	14	23	0
11	14	24	0
11	15	1	0
11	15	2	0
11	15	3	0
11	15	4	0
11	15	5	0
11	15	6	0
11	15	7	0
11	15	8	0
11	15	9	25.59
11	15	10	51.81
11	15	11	53.45
11	15	12	50.09
11	15	13	44.83
11	15	14	49.55
11	15	15	43.65
11	15	16	25.95
11	15	17	13.52
11	15	18	3.09
11	15	19	0
11	15	20	0
11	15	21	0
11	15	22	0
11	15	23	0
11	15	24	0
11	16	1	0
11	16	2	0
11	16	3	0
11	16	4	0
11	16	5	0
11	16	6	0
11	16	7	0
11	16	8	0
11	16	9	11.98
11	16	10	26.41
11	16	11	32.94
11	16	12	42.65
11	16	13	53.81
11	16	14	56.53
11	16	15	61.16
11	16	16	62.7
11	16	17	42.11
11	16	18	5.72
11	16	19	0
11	16	20	0
11	16	21	0
11	16	22	0
11	16	23	0
11	16	24	0
11	17	1	0
11	17	2	0
11	17	3	0
11	17	4	0
11	17	5	0
11	17	6	0
11	17	7	0
11	17	8	0
11	17	9	31.31
11	17	10	75.86
11	17	11	85.12
11	17	12	91.11
11	17	13	92.65
11	17	14	91.74
11	17	15	91.74
11	17	16	78.22
11	17	17	49.36
11	17	18	6.26
11	17	19	0
11	17	20	0
11	17	21	0
11	17	22	0
11	17	23	0
11	17	24	0
11	18	1	0
11	18	2	0
11	18	3	0
11	18	4	0
11	18	5	0
11	18	6	0
11	18	7	0
11	18	8	0
11	18	9	13.07
11	18	10	40.38
11	18	11	47.73
11	18	12	50.09
11	18	13	49.18
11	18	14	49.46
11	18	15	35.93
11	18	16	25.95
11	18	17	9.26
11	18	18	0
11	18	19	0
11	18	20	0
11	18	21	0
11	18	22	0
11	18	23	0
11	18	24	0
11	19	1	0
11	19	2	0
11	19	3	0
11	19	4	0
11	19	5	0
11	19	6	0
11	19	7	0
11	19	8	0
11	19	9	0
11	19	10	6.08
11	19	11	7.99
11	19	12	7.71
11	19	13	7.62
11	19	14	5.81
11	19	15	7.99
11	19	16	6.44
11	19	17	4.81
11	19	18	0
11	19	19	0
11	19	20	0
11	19	21	0
11	19	22	0
11	19	23	0
11	19	24	0
11	20	1	0
11	20	2	0
11	20	3	0
11	20	4	0
11	20	5	0
11	20	6	0
11	20	7	0
11	20	8	0
11	20	9	3.63
11	20	10	8.98
11	20	11	14.97
11	20	12	18.42
11	20	13	14.61
11	20	14	16.06
11	20	15	12.16
11	20	16	9.44
11	20	17	5.99
11	20	18	0
11	20	19	0
11	20	20	0
11	20	21	0
11	20	22	0
11	20	23	0
11	20	24	0
11	21	1	0
11	21	2	0
11	21	3	0
11	21	4	0
11	21	5	0
11	21	6	0
11	21	7	0
11	21	8	0
11	21	9	23.68
11	21	10	66.33
11	21	11	76.32
11	21	12	81.58
11	21	13	79.67
11	21	14	80.49
11	21	15	86.12
11	21	16	78.04
11	21	17	45.01
11	21	18	5.08
11	21	19	0
11	21	20	0
11	21	21	0
11	21	22	0
11	21	23	0
11	21	24	0
11	22	1	0
11	22	2	0
11	22	3	0
11	22	4	0
11	22	5	0
11	22	6	0
11	22	7	0
11	22	8	0
11	22	9	15.97
11	22	10	55.54
11	22	11	74.05
11	22	12	85.57
11	22	13	88.66
11	22	14	87.84
11	22	15	89.38
11	22	16	78.4
11	22	17	33.85
11	22	18	4.63
11	22	19	0
11	22	20	0
11	22	21	0
11	22	22	0
11	22	23	0
11	22	24	0
11	23	1	0
11	23	2	0
11	23	3	0
11	23	4	0
11	23	5	0
11	23	6	0
11	23	7	0
11	23	8	0
11	23	9	7.17
11	23	10	35.12
11	23	11	55.9
11	23	12	51.63
11	23	13	45.1
11	23	14	38.93
11	23	15	46.64
11	23	16	53.72
11	23	17	22.32
11	23	18	2.72
11	23	19	0
11	23	20	0
11	23	21	0
11	23	22	0
11	23	23	0
11	23	24	0
11	24	1	0
11	24	2	0
11	24	3	0
11	24	4	0
11	24	5	0
11	24	6	0
11	24	7	0
11	24	8	0
11	24	9	13.88
11	24	10	50.27
11	24	11	66.7
11	24	12	54.9
11	24	13	61.62
11	24	14	68.15
11	24	15	53.63
11	24	16	68.78
11	24	17	40.74
11	24	18	3.81
11	24	19	0
11	24	20	0
11	24	21	0
11	24	22	0
11	24	23	0
11	24	24	0
11	25	1	0
11	25	2	0
11	25	3	0
11	25	4	0
11	25	5	0
11	25	6	0
11	25	7	0
11	25	8	0
11	25	9	0
11	25	10	0
11	25	11	0
11	25	12	0
11	25	13	0
11	25	14	0
11	25	15	0
11	25	16	2.54
11	25	17	0
11	25	18	0
11	25	19	0
11	25	20	0
11	25	21	0
11	25	22	0
11	25	23	0
11	25	24	0
11	26	1	0
11	26	2	0
11	26	3	0
11	26	4	0
11	26	5	0
11	26	6	0
11	26	7	0
11	26	8	0
11	26	9	3.36
11	26	10	22.78
11	26	11	35.3
11	26	12	52.63
11	26	13	89.47
11	26	14	87.02
11	26	15	83.3
11	26	16	76.13
11	26	17	39.47
11	26	18	3.09
11	26	19	0
11	26	20	0
11	26	21	0
11	26	22	0
11	26	23	0
11	26	24	0
11	27	1	0
11	27	2	0
11	27	3	0
11	27	4	0
11	27	5	0
11	27	6	0
11	27	7	0
11	27	8	0
11	27	9	22.5
11	27	10	68.69
11	27	11	81.85
11	27	12	88.2
11	27	13	96.64
11	27	14	95.1
11	27	15	90.83
11	27	16	77.86
11	27	17	47.19
11	27	18	5.26
11	27	19	0
11	27	20	0
11	27	21	0
11	27	22	0
11	27	23	0
11	27	24	0
11	28	1	0
11	28	2	0
11	28	3	0
11	28	4	0
11	28	5	0
11	28	6	0
11	28	7	0
11	28	8	0
11	28	9	21.32
11	28	10	64.79
11	28	11	82.3
11	28	12	88.84
11	28	13	97.19
11	28	14	91.74
11	28	15	85.21
11	28	16	73.14
11	28	17	45.74
11	28	18	4.54
11	28	19	0
11	28	20	0
11	28	21	0
11	28	22	0
11	28	23	0
11	28	24	0
11	29	1	0
11	29	2	0
11	29	3	0
11	29	4	0
11	29	5	0
11	29	6	0
11	29	7	0
11	29	8	0
11	29	9	17.79
11	29	10	63.88
11	29	11	85.84
11	29	12	90.74
11	29	13	96.91
11	29	14	94.37
11	29	15	85.39
11	29	16	76.59
11	29	17	47.55
11	29	18	4.26
11	29	19	0
11	29	20	0
11	29	21	0
11	29	22	0
11	29	23	0
11	29	24	0
11	30	1	0
11	30	2	0
11	30	3	0
11	30	4	0
11	30	5	0
11	30	6	0
11	30	7	0
11	30	8	0
11	30	9	14.52
11	30	10	49.91
11	30	11	65.7
11	30	12	69.33
11	30	13	87.93
11	30	14	89.75
11	30	15	85.93
11	30	16	67.24
11	30	17	28.49
11	30	18	3.27
11	30	19	0
11	30	20	0
11	30	21	0
11	30	22	0
11	30	23	0
11	30	24	0
12	1	1	0
12	1	2	0
12	1	3	0
12	1	4	0
12	1	5	0
12	1	6	0
12	1	7	0
12	1	8	0
12	1	9	14.79
12	1	10	64.97
12	1	11	81.13
12	1	12	89.93
12	1	13	96.1
12	1	14	89.11
12	1	15	81.4
12	1	16	69.6
12	1	17	40.56
12	1	18	3.72
12	1	19	0
12	1	20	0
12	1	21	0
12	1	22	0
12	1	23	0
12	1	24	0
12	2	1	0
12	2	2	0
12	2	3	0
12	2	4	0
12	2	5	0
12	2	6	0
12	2	7	0
12	2	8	0
12	2	9	0
12	2	10	68.06
12	2	11	81.49
12	2	12	81.76
12	2	13	77.04
12	2	14	60.34
12	2	15	26.59
12	2	16	19.78
12	2	17	9.89
12	2	18	0
12	2	19	0
12	2	20	0
12	2	21	0
12	2	22	0
12	2	23	0
12	2	24	0
12	3	1	0
12	3	2	0
12	3	3	0
12	3	4	0
12	3	5	0
12	3	6	0
12	3	7	0
12	3	8	0
12	3	9	12.61
12	3	10	61.98
12	3	11	79.4
12	3	12	84.75
12	3	13	77.4
12	3	14	64.88
12	3	15	58.8
12	3	16	56.99
12	3	17	38.66
12	3	18	3.63
12	3	19	0
12	3	20	0
12	3	21	0
12	3	22	0
12	3	23	0
12	3	24	0
12	4	1	0
12	4	2	0
12	4	3	0
12	4	4	0
12	4	5	0
12	4	6	0
12	4	7	0
12	4	8	0
12	4	9	4.17
12	4	10	26.86
12	4	11	52.99
12	4	12	67.7
12	4	13	90.29
12	4	14	87.3
12	4	15	78.04
12	4	16	68.24
12	4	17	36.57
12	4	18	3.81
12	4	19	0
12	4	20	0
12	4	21	0
12	4	22	0
12	4	23	0
12	4	24	0
12	5	1	0
12	5	2	0
12	5	3	0
12	5	4	0
12	5	5	0
12	5	6	0
12	5	7	0
12	5	8	0
12	5	9	11.8
12	5	10	48.19
12	5	11	63.88
12	5	12	73.14
12	5	13	81.58
12	5	14	73.05
12	5	15	76.13
12	5	16	59.17
12	5	17	35.48
12	5	18	3.27
12	5	19	0
12	5	20	0
12	5	21	0
12	5	22	0
12	5	23	0
12	5	24	0
12	6	1	0
12	6	2	0
12	6	3	0
12	6	4	0
12	6	5	0
12	6	6	0
12	6	7	0
12	6	8	0
12	6	9	8.62
12	6	10	25.41
12	6	11	31.94
12	6	12	29.95
12	6	13	38.11
12	6	14	39.02
12	6	15	27.04
12	6	16	13.79
12	6	17	10.53
12	6	18	0
12	6	19	0
12	6	20	0
12	6	21	0
12	6	22	0
12	6	23	0
12	6	24	0
12	7	1	0
12	7	2	0
12	7	3	0
12	7	4	0
12	7	5	0
12	7	6	0
12	7	7	0
12	7	8	0
12	7	9	4.54
12	7	10	26.32
12	7	11	35.75
12	7	12	50.27
12	7	13	59.8
12	7	14	60.62
12	7	15	38.84
12	7	16	39.56
12	7	17	8.98
12	7	18	0
12	7	19	0
12	7	20	0
12	7	21	0
12	7	22	0
12	7	23	0
12	7	24	0
12	8	1	0
12	8	2	0
12	8	3	0
12	8	4	0
12	8	5	0
12	8	6	0
12	8	7	0
12	8	8	0
12	8	9	5.35
12	8	10	27.4
12	8	11	40.38
12	8	12	51.18
12	8	13	76.68
12	8	14	73.23
12	8	15	65.79
12	8	16	51.18
12	8	17	27.04
12	8	18	3.63
12	8	19	0
12	8	20	0
12	8	21	0
12	8	22	0
12	8	23	0
12	8	24	0
12	9	1	0
12	9	2	0
12	9	3	0
12	9	4	0
12	9	5	0
12	9	6	0
12	9	7	0
12	9	8	0
12	9	9	0
12	9	10	9.62
12	9	11	17.15
12	9	12	21.96
12	9	13	24.5
12	9	14	21.69
12	9	15	13.34
12	9	16	11.07
12	9	17	9.62
12	9	18	0
12	9	19	0
12	9	20	0
12	9	21	0
12	9	22	0
12	9	23	0
12	9	24	0
12	10	1	0
12	10	2	0
12	10	3	0
12	10	4	0
12	10	5	0
12	10	6	0
12	10	7	0
12	10	8	0
12	10	9	0
12	10	10	8.26
12	10	11	17.88
12	10	12	14.43
12	10	13	27.59
12	10	14	24.68
12	10	15	16.06
12	10	16	14.25
12	10	17	9.17
12	10	18	0
12	10	19	0
12	10	20	0
12	10	21	0
12	10	22	0
12	10	23	0
12	10	24	0
12	11	1	0
12	11	2	0
12	11	3	0
12	11	4	0
12	11	5	0
12	11	6	0
12	11	7	0
12	11	8	0
12	11	9	0
12	11	10	9.17
12	11	11	17.6
12	11	12	13.97
12	11	13	23.14
12	11	14	29.22
12	11	15	31.31
12	11	16	41.65
12	11	17	35.75
12	11	18	4.08
12	11	19	0
12	11	20	0
12	11	21	0
12	11	22	0
12	11	23	0
12	11	24	0
12	12	1	0
12	12	2	0
12	12	3	0
12	12	4	0
12	12	5	0
12	12	6	0
12	12	7	0
12	12	8	0
12	12	9	5.99
12	12	10	36.75
12	12	11	54.72
12	12	12	61.25
12	12	13	93.92
12	12	14	87.75
12	12	15	96.19
12	12	16	75.86
12	12	17	41.2
12	12	18	4.08
12	12	19	0
12	12	20	0
12	12	21	0
12	12	22	0
12	12	23	0
12	12	24	0
12	13	1	0
12	13	2	0
12	13	3	0
12	13	4	0
12	13	5	0
12	13	6	0
12	13	7	0
12	13	8	0
12	13	9	12.07
12	13	10	60.53
12	13	11	78.31
12	13	12	84.3
12	13	13	85.75
12	13	14	87.21
12	13	15	78.95
12	13	16	82.67
12	13	17	48.91
12	13	18	5.44
12	13	19	0
12	13	20	0
12	13	21	0
12	13	22	0
12	13	23	0
12	13	24	0
12	14	1	0
12	14	2	0
12	14	3	0
12	14	4	0
12	14	5	0
12	14	6	0
12	14	7	0
12	14	8	0
12	14	9	13.79
12	14	10	66.79
12	14	11	81.03
12	14	12	87.66
12	14	13	96.55
12	14	14	93.47
12	14	15	74.68
12	14	16	63.43
12	14	17	41.92
12	14	18	2.63
12	14	19	0
12	14	20	0
12	14	21	0
12	14	22	0
12	14	23	0
12	14	24	0
12	15	1	0
12	15	2	0
12	15	3	0
12	15	4	0
12	15	5	0
12	15	6	0
12	15	7	0
12	15	8	0
12	15	9	15.61
12	15	10	61.98
12	15	11	79.76
12	15	12	86.03
12	15	13	94.92
12	15	14	92.38
12	15	15	89.93
12	15	16	81.76
12	15	17	53.09
12	15	18	4.72
12	15	19	0
12	15	20	0
12	15	21	0
12	15	22	0
12	15	23	0
12	15	24	0
12	16	1	0
12	16	2	0
12	16	3	0
12	16	4	0
12	16	5	0
12	16	6	0
12	16	7	0
12	16	8	0
12	16	9	8.8
12	16	10	43.56
12	16	11	59.71
12	16	12	62.25
12	16	13	57.99
12	16	14	41.38
12	16	15	27.13
12	16	16	18.24
12	16	17	8.26
12	16	18	0
12	16	19	0
12	16	20	0
12	16	21	0
12	16	22	0
12	16	23	0
12	16	24	0
12	17	1	0
12	17	2	0
12	17	3	0
12	17	4	0
12	17	5	0
12	17	6	0
12	17	7	0
12	17	8	0
12	17	9	13.43
12	17	10	66.15
12	17	11	78.86
12	17	12	82.67
12	17	13	92.47
12	17	14	89.93
12	17	15	89.84
12	17	16	77.5
12	17	17	54.99
12	17	18	4.54
12	17	19	0
12	17	20	0
12	17	21	0
12	17	22	0
12	17	23	0
12	17	24	0
12	18	1	0
12	18	2	0
12	18	3	0
12	18	4	0
12	18	5	0
12	18	6	0
12	18	7	0
12	18	8	0
12	18	9	9.71
12	18	10	37.21
12	18	11	57.53
12	18	12	65.34
12	18	13	78.4
12	18	14	78.95
12	18	15	68.33
12	18	16	36.21
12	18	17	24.14
12	18	18	2.9
12	18	19	0
12	18	20	0
12	18	21	0
12	18	22	0
12	18	23	0
12	18	24	0
12	19	1	0
12	19	2	0
12	19	3	0
12	19	4	0
12	19	5	0
12	19	6	0
12	19	7	0
12	19	8	0
12	19	9	9.26
12	19	10	59.44
12	19	11	74.68
12	19	12	81.49
12	19	13	80.85
12	19	14	79.67
12	19	15	84.57
12	19	16	77.04
12	19	17	51.36
12	19	18	5.35
12	19	19	0
12	19	20	0
12	19	21	0
12	19	22	0
12	19	23	0
12	19	24	0
12	20	1	0
12	20	2	0
12	20	3	0
12	20	4	0
12	20	5	0
12	20	6	0
12	20	7	0
12	20	8	0
12	20	9	13.52
12	20	10	60.62
12	20	11	73.96
12	20	12	85.84
12	20	13	91.2
12	20	14	91.56
12	20	15	89.93
12	20	16	78.86
12	20	17	53.99
12	20	18	4.9
12	20	19	0
12	20	20	0
12	20	21	0
12	20	22	0
12	20	23	0
12	20	24	0
12	21	1	0
12	21	2	0
12	21	3	0
12	21	4	0
12	21	5	0
12	21	6	0
12	21	7	0
12	21	8	0
12	21	9	0
12	21	10	17.6
12	21	11	32.12
12	21	12	46.55
12	21	13	66.52
12	21	14	56.81
12	21	15	55.26
12	21	16	58.71
12	21	17	39.38
12	21	18	4.45
12	21	19	0
12	21	20	0
12	21	21	0
12	21	22	0
12	21	23	0
12	21	24	0
12	22	1	0
12	22	2	0
12	22	3	0
12	22	4	0
12	22	5	0
12	22	6	0
12	22	7	0
12	22	8	0
12	22	9	16.7
12	22	10	59.53
12	22	11	73.41
12	22	12	75.95
12	22	13	81.67
12	22	14	87.48
12	22	15	83.94
12	22	16	74.14
12	22	17	64.88
12	22	18	18.78
12	22	19	0
12	22	20	0
12	22	21	0
12	22	22	0
12	22	23	0
12	22	24	0
12	23	1	0
12	23	2	0
12	23	3	0
12	23	4	0
12	23	5	0
12	23	6	0
12	23	7	0
12	23	8	0
12	23	9	12.79
12	23	10	55.99
12	23	11	69.33
12	23	12	76.41
12	23	13	71.78
12	23	14	67.42
12	23	15	67.79
12	23	16	49
12	23	17	44.01
12	23	18	4.9
12	23	19	0
12	23	20	0
12	23	21	0
12	23	22	0
12	23	23	0
12	23	24	0
12	24	1	0
12	24	2	0
12	24	3	0
12	24	4	0
12	24	5	0
12	24	6	0
12	24	7	0
12	24	8	0
12	24	9	11.98
12	24	10	64.88
12	24	11	80.94
12	24	12	86.84
12	24	13	89.47
12	24	14	90.93
12	24	15	91.29
12	24	16	79.4
12	24	17	56.99
12	24	18	5.26
12	24	19	0
12	24	20	0
12	24	21	0
12	24	22	0
12	24	23	0
12	24	24	0
12	25	1	0
12	25	2	0
12	25	3	0
12	25	4	0
12	25	5	0
12	25	6	0
12	25	7	0
12	25	8	0
12	25	9	11.34
12	25	10	63.43
12	25	11	81.85
12	25	12	86.93
12	25	13	90.29
12	25	14	92.2
12	25	15	90.83
12	25	16	73.96
12	25	17	44.83
12	25	18	4.54
12	25	19	0
12	25	20	0
12	25	21	0
12	25	22	0
12	25	23	0
12	25	24	0
12	26	1	0
12	26	2	0
12	26	3	0
12	26	4	0
12	26	5	0
12	26	6	0
12	26	7	0
12	26	8	0
12	26	9	12.61
12	26	10	64.61
12	26	11	82.58
12	26	12	88.48
12	26	13	92.65
12	26	14	92.74
12	26	15	90.56
12	26	16	81.31
12	26	17	55.81
12	26	18	5.44
12	26	19	0
12	26	20	0
12	26	21	0
12	26	22	0
12	26	23	0
12	26	24	0
12	27	1	0
12	27	2	0
12	27	3	0
12	27	4	0
12	27	5	0
12	27	6	0
12	27	7	0
12	27	8	0
12	27	9	10.62
12	27	10	60.34
12	27	11	75.32
12	27	12	82.3
12	27	13	81.31
12	27	14	80.49
12	27	15	86.93
12	27	16	84.39
12	27	17	52.99
12	27	18	5.72
12	27	19	0
12	27	20	0
12	27	21	0
12	27	22	0
12	27	23	0
12	27	24	0
12	28	1	0
12	28	2	0
12	28	3	0
12	28	4	0
12	28	5	0
12	28	6	0
12	28	7	0
12	28	8	0
12	28	9	11.71
12	28	10	55.54
12	28	11	75.23
12	28	12	77.4
12	28	13	80.4
12	28	14	71.6
12	28	15	70.42
12	28	16	64.79
12	28	17	43.28
12	28	18	4.36
12	28	19	0
12	28	20	0
12	28	21	0
12	28	22	0
12	28	23	0
12	28	24	0
12	29	1	0
12	29	2	0
12	29	3	0
12	29	4	0
12	29	5	0
12	29	6	0
12	29	7	0
12	29	8	0
12	29	9	4.63
12	29	10	23.05
12	29	11	36.57
12	29	12	34.85
12	29	13	40.47
12	29	14	33.58
12	29	15	36.57
12	29	16	38.02
12	29	17	31.31
12	29	18	4.72
12	29	19	0
12	29	20	0
12	29	21	0
12	29	22	0
12	29	23	0
12	29	24	0
12	30	1	0
12	30	2	0
12	30	3	0
12	30	4	0
12	30	5	0
12	30	6	0
12	30	7	0
12	30	8	0
12	30	9	0
12	30	10	10.34
12	30	11	21.96
12	30	12	35.93
12	30	13	40.74
12	30	14	37.57
12	30	15	41.02
12	30	16	28.22
12	30	17	18.78
12	30	18	3.81
12	30	19	0
12	30	20	0
12	30	21	0
12	30	22	0
12	30	23	0
12	30	24	0
12	31	1	0
12	31	2	0
12	31	3	0
12	31	4	0
12	31	5	0
12	31	6	0
12	31	7	0
12	31	8	0
12	31	9	10.16
12	31	10	55.54
12	31	11	76.95
12	31	12	90.02
12	31	13	87.66
12	31	14	84.3
12	31	15	81.76
12	31	16	58.26
12	31	17	47.91
12	31	18	6.62
12	31	19	0
12	31	20	0
12	31	21	0
12	31	22	0
12	31	23	0
12	31	24	0
